date_id,full_date,year,quarter,month,week,day_of_week
1,2020-09-26,2020,3,9,39,Saturday
2,2020-09-27,2020,3,9,39,Sunday
3,2020-09-28,2020,3,9,40,Monday
4,2020-09-29,2020,3,9,40,Tuesday
5,2020-09-30,2020,3,9,40,Wednesday
6,2020-10-01,2020,4,10,40,Thursday
7,2020-10-02,2020,4,10,40,Friday
8,2020-10-03,2020,4,10,40,Saturday
9,2020-10-04,2020,4,10,40,Sunday
10,2020-10-05,2020,4,10,41,Monday
11,2020-10-06,2020,4,10,41,Tuesday
12,2020-10-07,2020,4,10,41,Wednesday
13,2020-10-08,2020,4,10,41,Thursday
14,2020-10-09,2020,4,10,41,Friday
15,2020-10-10,2020,4,10,41,Saturday
16,2020-10-11,2020,4,10,41,Sunday
17,2020-10-12,2020,4,10,42,Monday
18,2020-10-13,2020,4,10,42,Tuesday
19,2020-10-14,2020,4,10,42,Wednesday
20,2020-10-15,2020,4,10,42,Thursday
21,2020-10-16,2020,4,10,42,Friday
22,2020-10-17,2020,4,10,42,Saturday
23,2020-10-18,2020,4,10,42,Sunday
24,2020-10-19,2020,4,10,43,Monday
25,2020-10-20,2020,4,10,43,Tuesday
26,2020-10-21,2020,4,10,43,Wednesday
27,2020-10-22,2020,4,10,43,Thursday
28,2020-10-23,2020,4,10,43,Friday
29,2020-10-24,2020,4,10,43,Saturday
30,2020-10-25,2020,4,10,43,Sunday
31,2020-10-26,2020,4,10,44,Monday
32,2020-10-27,2020,4,10,44,Tuesday
33,2020-10-28,2020,4,10,44,Wednesday
34,2020-10-29,2020,4,10,44,Thursday
35,2020-10-30,2020,4,10,44,Friday
36,2020-10-31,2020,4,10,44,Saturday
37,2020-11-01,2020,4,11,44,Sunday
38,2020-11-02,2020,4,11,45,Monday
39,2020-11-03,2020,4,11,45,Tuesday
40,2020-11-04,2020,4,11,45,Wednesday
41,2020-11-05,2020,4,11,45,Thursday
42,2020-11-06,2020,4,11,45,Friday
43,2020-11-07,2020,4,11,45,Saturday
44,2020-11-08,2020,4,11,45,Sunday
45,2020-11-09,2020,4,11,46,Monday
46,2020-11-10,2020,4,11,46,Tuesday
47,2020-11-11,2020,4,11,46,Wednesday
48,2020-11-12,2020,4,11,46,Thursday
49,2020-11-13,2020,4,11,46,Friday
50,2020-11-14,2020,4,11,46,Saturday
51,2020-11-15,2020,4,11,46,Sunday
52,2020-11-16,2020,4,11,47,Monday
53,2020-11-17,2020,4,11,47,Tuesday
54,2020-11-18,2020,4,11,47,Wednesday
55,2020-11-19,2020,4,11,47,Thursday
56,2020-11-20,2020,4,11,47,Friday
57,2020-11-21,2020,4,11,47,Saturday
58,2020-11-22,2020,4,11,47,Sunday
59,2020-11-23,2020,4,11,48,Monday
60,2020-11-24,2020,4,11,48,Tuesday
61,2020-11-25,2020,4,11,48,Wednesday
62,2020-11-26,2020,4,11,48,Thursday
63,2020-11-27,2020,4,11,48,Friday
64,2020-11-28,2020,4,11,48,Saturday
65,2020-11-29,2020,4,11,48,Sunday
66,2020-11-30,2020,4,11,49,Monday
67,2020-12-01,2020,4,12,49,Tuesday
68,2020-12-02,2020,4,12,49,Wednesday
69,2020-12-03,2020,4,12,49,Thursday
70,2020-12-04,2020,4,12,49,Friday
71,2020-12-05,2020,4,12,49,Saturday
72,2020-12-06,2020,4,12,49,Sunday
73,2020-12-07,2020,4,12,50,Monday
74,2020-12-08,2020,4,12,50,Tuesday
75,2020-12-09,2020,4,12,50,Wednesday
76,2020-12-10,2020,4,12,50,Thursday
77,2020-12-11,2020,4,12,50,Friday
78,2020-12-12,2020,4,12,50,Saturday
79,2020-12-13,2020,4,12,50,Sunday
80,2020-12-14,2020,4,12,51,Monday
81,2020-12-15,2020,4,12,51,Tuesday
82,2020-12-16,2020,4,12,51,Wednesday
83,2020-12-17,2020,4,12,51,Thursday
84,2020-12-18,2020,4,12,51,Friday
85,2020-12-19,2020,4,12,51,Saturday
86,2020-12-20,2020,4,12,51,Sunday
87,2020-12-21,2020,4,12,52,Monday
88,2020-12-22,2020,4,12,52,Tuesday
89,2020-12-23,2020,4,12,52,Wednesday
90,2020-12-24,2020,4,12,52,Thursday
91,2020-12-25,2020,4,12,52,Friday
92,2020-12-26,2020,4,12,52,Saturday
93,2020-12-27,2020,4,12,52,Sunday
94,2020-12-28,2020,4,12,53,Monday
95,2020-12-29,2020,4,12,53,Tuesday
96,2020-12-30,2020,4,12,53,Wednesday
97,2020-12-31,2020,4,12,53,Thursday
98,2021-01-01,2021,1,1,53,Friday
99,2021-01-02,2021,1,1,53,Saturday
100,2021-01-03,2021,1,1,53,Sunday
101,2021-01-04,2021,1,1,1,Monday
102,2021-01-05,2021,1,1,1,Tuesday
103,2021-01-06,2021,1,1,1,Wednesday
104,2021-01-07,2021,1,1,1,Thursday
105,2021-01-08,2021,1,1,1,Friday
106,2021-01-09,2021,1,1,1,Saturday
107,2021-01-10,2021,1,1,1,Sunday
108,2021-01-11,2021,1,1,2,Monday
109,2021-01-12,2021,1,1,2,Tuesday
110,2021-01-13,2021,1,1,2,Wednesday
111,2021-01-14,2021,1,1,2,Thursday
112,2021-01-15,2021,1,1,2,Friday
113,2021-01-16,2021,1,1,2,Saturday
114,2021-01-17,2021,1,1,2,Sunday
115,2021-01-18,2021,1,1,3,Monday
116,2021-01-19,2021,1,1,3,Tuesday
117,2021-01-20,2021,1,1,3,Wednesday
118,2021-01-21,2021,1,1,3,Thursday
119,2021-01-22,2021,1,1,3,Friday
120,2021-01-23,2021,1,1,3,Saturday
121,2021-01-24,2021,1,1,3,Sunday
122,2021-01-25,2021,1,1,4,Monday
123,2021-01-26,2021,1,1,4,Tuesday
124,2021-01-27,2021,1,1,4,Wednesday
125,2021-01-28,2021,1,1,4,Thursday
126,2021-01-29,2021,1,1,4,Friday
127,2021-01-30,2021,1,1,4,Saturday
128,2021-01-31,2021,1,1,4,Sunday
129,2021-02-01,2021,1,2,5,Monday
130,2021-02-02,2021,1,2,5,Tuesday
131,2021-02-03,2021,1,2,5,Wednesday
132,2021-02-04,2021,1,2,5,Thursday
133,2021-02-05,2021,1,2,5,Friday
134,2021-02-06,2021,1,2,5,Saturday
135,2021-02-07,2021,1,2,5,Sunday
136,2021-02-08,2021,1,2,6,Monday
137,2021-02-09,2021,1,2,6,Tuesday
138,2021-02-10,2021,1,2,6,Wednesday
139,2021-02-11,2021,1,2,6,Thursday
140,2021-02-12,2021,1,2,6,Friday
141,2021-02-13,2021,1,2,6,Saturday
142,2021-02-14,2021,1,2,6,Sunday
143,2021-02-15,2021,1,2,7,Monday
144,2021-02-16,2021,1,2,7,Tuesday
145,2021-02-17,2021,1,2,7,Wednesday
146,2021-02-18,2021,1,2,7,Thursday
147,2021-02-19,2021,1,2,7,Friday
148,2021-02-20,2021,1,2,7,Saturday
149,2021-02-21,2021,1,2,7,Sunday
150,2021-02-22,2021,1,2,8,Monday
151,2021-02-23,2021,1,2,8,Tuesday
152,2021-02-24,2021,1,2,8,Wednesday
153,2021-02-25,2021,1,2,8,Thursday
154,2021-02-26,2021,1,2,8,Friday
155,2021-02-27,2021,1,2,8,Saturday
156,2021-02-28,2021,1,2,8,Sunday
157,2021-03-01,2021,1,3,9,Monday
158,2021-03-02,2021,1,3,9,Tuesday
159,2021-03-03,2021,1,3,9,Wednesday
160,2021-03-04,2021,1,3,9,Thursday
161,2021-03-05,2021,1,3,9,Friday
162,2021-03-06,2021,1,3,9,Saturday
163,2021-03-07,2021,1,3,9,Sunday
164,2021-03-08,2021,1,3,10,Monday
165,2021-03-09,2021,1,3,10,Tuesday
166,2021-03-10,2021,1,3,10,Wednesday
167,2021-03-11,2021,1,3,10,Thursday
168,2021-03-12,2021,1,3,10,Friday
169,2021-03-13,2021,1,3,10,Saturday
170,2021-03-14,2021,1,3,10,Sunday
171,2021-03-15,2021,1,3,11,Monday
172,2021-03-16,2021,1,3,11,Tuesday
173,2021-03-17,2021,1,3,11,Wednesday
174,2021-03-18,2021,1,3,11,Thursday
175,2021-03-19,2021,1,3,11,Friday
176,2021-03-20,2021,1,3,11,Saturday
177,2021-03-21,2021,1,3,11,Sunday
178,2021-03-22,2021,1,3,12,Monday
179,2021-03-23,2021,1,3,12,Tuesday
180,2021-03-24,2021,1,3,12,Wednesday
181,2021-03-25,2021,1,3,12,Thursday
182,2021-03-26,2021,1,3,12,Friday
183,2021-03-27,2021,1,3,12,Saturday
184,2021-03-28,2021,1,3,12,Sunday
185,2021-03-29,2021,1,3,13,Monday
186,2021-03-30,2021,1,3,13,Tuesday
187,2021-03-31,2021,1,3,13,Wednesday
188,2021-04-01,2021,2,4,13,Thursday
189,2021-04-02,2021,2,4,13,Friday
190,2021-04-03,2021,2,4,13,Saturday
191,2021-04-04,2021,2,4,13,Sunday
192,2021-04-05,2021,2,4,14,Monday
193,2021-04-06,2021,2,4,14,Tuesday
194,2021-04-07,2021,2,4,14,Wednesday
195,2021-04-08,2021,2,4,14,Thursday
196,2021-04-09,2021,2,4,14,Friday
197,2021-04-10,2021,2,4,14,Saturday
198,2021-04-11,2021,2,4,14,Sunday
199,2021-04-12,2021,2,4,15,Monday
200,2021-04-13,2021,2,4,15,Tuesday
201,2021-04-14,2021,2,4,15,Wednesday
202,2021-04-15,2021,2,4,15,Thursday
203,2021-04-16,2021,2,4,15,Friday
204,2021-04-17,2021,2,4,15,Saturday
205,2021-04-18,2021,2,4,15,Sunday
206,2021-04-19,2021,2,4,16,Monday
207,2021-04-20,2021,2,4,16,Tuesday
208,2021-04-21,2021,2,4,16,Wednesday
209,2021-04-22,2021,2,4,16,Thursday
210,2021-04-23,2021,2,4,16,Friday
211,2021-04-24,2021,2,4,16,Saturday
212,2021-04-25,2021,2,4,16,Sunday
213,2021-04-26,2021,2,4,17,Monday
214,2021-04-27,2021,2,4,17,Tuesday
215,2021-04-28,2021,2,4,17,Wednesday
216,2021-04-29,2021,2,4,17,Thursday
217,2021-04-30,2021,2,4,17,Friday
218,2021-05-01,2021,2,5,17,Saturday
219,2021-05-02,2021,2,5,17,Sunday
220,2021-05-03,2021,2,5,18,Monday
221,2021-05-04,2021,2,5,18,Tuesday
222,2021-05-05,2021,2,5,18,Wednesday
223,2021-05-06,2021,2,5,18,Thursday
224,2021-05-07,2021,2,5,18,Friday
225,2021-05-08,2021,2,5,18,Saturday
226,2021-05-09,2021,2,5,18,Sunday
227,2021-05-10,2021,2,5,19,Monday
228,2021-05-11,2021,2,5,19,Tuesday
229,2021-05-12,2021,2,5,19,Wednesday
230,2021-05-13,2021,2,5,19,Thursday
231,2021-05-14,2021,2,5,19,Friday
232,2021-05-15,2021,2,5,19,Saturday
233,2021-05-16,2021,2,5,19,Sunday
234,2021-05-17,2021,2,5,20,Monday
235,2021-05-18,2021,2,5,20,Tuesday
236,2021-05-19,2021,2,5,20,Wednesday
237,2021-05-20,2021,2,5,20,Thursday
238,2021-05-21,2021,2,5,20,Friday
239,2021-05-22,2021,2,5,20,Saturday
240,2021-05-23,2021,2,5,20,Sunday
241,2021-05-24,2021,2,5,21,Monday
242,2021-05-25,2021,2,5,21,Tuesday
243,2021-05-26,2021,2,5,21,Wednesday
244,2021-05-27,2021,2,5,21,Thursday
245,2021-05-28,2021,2,5,21,Friday
246,2021-05-29,2021,2,5,21,Saturday
247,2021-05-30,2021,2,5,21,Sunday
248,2021-05-31,2021,2,5,22,Monday
249,2021-06-01,2021,2,6,22,Tuesday
250,2021-06-02,2021,2,6,22,Wednesday
251,2021-06-03,2021,2,6,22,Thursday
252,2021-06-04,2021,2,6,22,Friday
253,2021-06-05,2021,2,6,22,Saturday
254,2021-06-06,2021,2,6,22,Sunday
255,2021-06-07,2021,2,6,23,Monday
256,2021-06-08,2021,2,6,23,Tuesday
257,2021-06-09,2021,2,6,23,Wednesday
258,2021-06-10,2021,2,6,23,Thursday
259,2021-06-11,2021,2,6,23,Friday
260,2021-06-12,2021,2,6,23,Saturday
261,2021-06-13,2021,2,6,23,Sunday
262,2021-06-14,2021,2,6,24,Monday
263,2021-06-15,2021,2,6,24,Tuesday
264,2021-06-16,2021,2,6,24,Wednesday
265,2021-06-17,2021,2,6,24,Thursday
266,2021-06-18,2021,2,6,24,Friday
267,2021-06-19,2021,2,6,24,Saturday
268,2021-06-20,2021,2,6,24,Sunday
269,2021-06-21,2021,2,6,25,Monday
270,2021-06-22,2021,2,6,25,Tuesday
271,2021-06-23,2021,2,6,25,Wednesday
272,2021-06-24,2021,2,6,25,Thursday
273,2021-06-25,2021,2,6,25,Friday
274,2021-06-26,2021,2,6,25,Saturday
275,2021-06-27,2021,2,6,25,Sunday
276,2021-06-28,2021,2,6,26,Monday
277,2021-06-29,2021,2,6,26,Tuesday
278,2021-06-30,2021,2,6,26,Wednesday
279,2021-07-01,2021,3,7,26,Thursday
280,2021-07-02,2021,3,7,26,Friday
281,2021-07-03,2021,3,7,26,Saturday
282,2021-07-04,2021,3,7,26,Sunday
283,2021-07-05,2021,3,7,27,Monday
284,2021-07-06,2021,3,7,27,Tuesday
285,2021-07-07,2021,3,7,27,Wednesday
286,2021-07-08,2021,3,7,27,Thursday
287,2021-07-09,2021,3,7,27,Friday
288,2021-07-10,2021,3,7,27,Saturday
289,2021-07-11,2021,3,7,27,Sunday
290,2021-07-12,2021,3,7,28,Monday
291,2021-07-13,2021,3,7,28,Tuesday
292,2021-07-14,2021,3,7,28,Wednesday
293,2021-07-15,2021,3,7,28,Thursday
294,2021-07-16,2021,3,7,28,Friday
295,2021-07-17,2021,3,7,28,Saturday
296,2021-07-18,2021,3,7,28,Sunday
297,2021-07-19,2021,3,7,29,Monday
298,2021-07-20,2021,3,7,29,Tuesday
299,2021-07-21,2021,3,7,29,Wednesday
300,2021-07-22,2021,3,7,29,Thursday
301,2021-07-23,2021,3,7,29,Friday
302,2021-07-24,2021,3,7,29,Saturday
303,2021-07-25,2021,3,7,29,Sunday
304,2021-07-26,2021,3,7,30,Monday
305,2021-07-27,2021,3,7,30,Tuesday
306,2021-07-28,2021,3,7,30,Wednesday
307,2021-07-29,2021,3,7,30,Thursday
308,2021-07-30,2021,3,7,30,Friday
309,2021-07-31,2021,3,7,30,Saturday
310,2021-08-01,2021,3,8,30,Sunday
311,2021-08-02,2021,3,8,31,Monday
312,2021-08-03,2021,3,8,31,Tuesday
313,2021-08-04,2021,3,8,31,Wednesday
314,2021-08-05,2021,3,8,31,Thursday
315,2021-08-06,2021,3,8,31,Friday
316,2021-08-07,2021,3,8,31,Saturday
317,2021-08-08,2021,3,8,31,Sunday
318,2021-08-09,2021,3,8,32,Monday
319,2021-08-10,2021,3,8,32,Tuesday
320,2021-08-11,2021,3,8,32,Wednesday
321,2021-08-12,2021,3,8,32,Thursday
322,2021-08-13,2021,3,8,32,Friday
323,2021-08-14,2021,3,8,32,Saturday
324,2021-08-15,2021,3,8,32,Sunday
325,2021-08-16,2021,3,8,33,Monday
326,2021-08-17,2021,3,8,33,Tuesday
327,2021-08-18,2021,3,8,33,Wednesday
328,2021-08-19,2021,3,8,33,Thursday
329,2021-08-20,2021,3,8,33,Friday
330,2021-08-21,2021,3,8,33,Saturday
331,2021-08-22,2021,3,8,33,Sunday
332,2021-08-23,2021,3,8,34,Monday
333,2021-08-24,2021,3,8,34,Tuesday
334,2021-08-25,2021,3,8,34,Wednesday
335,2021-08-26,2021,3,8,34,Thursday
336,2021-08-27,2021,3,8,34,Friday
337,2021-08-28,2021,3,8,34,Saturday
338,2021-08-29,2021,3,8,34,Sunday
339,2021-08-30,2021,3,8,35,Monday
340,2021-08-31,2021,3,8,35,Tuesday
341,2021-09-01,2021,3,9,35,Wednesday
342,2021-09-02,2021,3,9,35,Thursday
343,2021-09-03,2021,3,9,35,Friday
344,2021-09-04,2021,3,9,35,Saturday
345,2021-09-05,2021,3,9,35,Sunday
346,2021-09-06,2021,3,9,36,Monday
347,2021-09-07,2021,3,9,36,Tuesday
348,2021-09-08,2021,3,9,36,Wednesday
349,2021-09-09,2021,3,9,36,Thursday
350,2021-09-10,2021,3,9,36,Friday
351,2021-09-11,2021,3,9,36,Saturday
352,2021-09-12,2021,3,9,36,Sunday
353,2021-09-13,2021,3,9,37,Monday
354,2021-09-14,2021,3,9,37,Tuesday
355,2021-09-15,2021,3,9,37,Wednesday
356,2021-09-16,2021,3,9,37,Thursday
357,2021-09-17,2021,3,9,37,Friday
358,2021-09-18,2021,3,9,37,Saturday
359,2021-09-19,2021,3,9,37,Sunday
360,2021-09-20,2021,3,9,38,Monday
361,2021-09-21,2021,3,9,38,Tuesday
362,2021-09-22,2021,3,9,38,Wednesday
363,2021-09-23,2021,3,9,38,Thursday
364,2021-09-24,2021,3,9,38,Friday
365,2021-09-25,2021,3,9,38,Saturday
366,2021-09-26,2021,3,9,38,Sunday
367,2021-09-27,2021,3,9,39,Monday
368,2021-09-28,2021,3,9,39,Tuesday
369,2021-09-29,2021,3,9,39,Wednesday
370,2021-09-30,2021,3,9,39,Thursday
371,2021-10-01,2021,4,10,39,Friday
372,2021-10-02,2021,4,10,39,Saturday
373,2021-10-03,2021,4,10,39,Sunday
374,2021-10-04,2021,4,10,40,Monday
375,2021-10-05,2021,4,10,40,Tuesday
376,2021-10-06,2021,4,10,40,Wednesday
377,2021-10-07,2021,4,10,40,Thursday
378,2021-10-08,2021,4,10,40,Friday
379,2021-10-09,2021,4,10,40,Saturday
380,2021-10-10,2021,4,10,40,Sunday
381,2021-10-11,2021,4,10,41,Monday
382,2021-10-12,2021,4,10,41,Tuesday
383,2021-10-13,2021,4,10,41,Wednesday
384,2021-10-14,2021,4,10,41,Thursday
385,2021-10-15,2021,4,10,41,Friday
386,2021-10-16,2021,4,10,41,Saturday
387,2021-10-17,2021,4,10,41,Sunday
388,2021-10-18,2021,4,10,42,Monday
389,2021-10-19,2021,4,10,42,Tuesday
390,2021-10-20,2021,4,10,42,Wednesday
391,2021-10-21,2021,4,10,42,Thursday
392,2021-10-22,2021,4,10,42,Friday
393,2021-10-23,2021,4,10,42,Saturday
394,2021-10-24,2021,4,10,42,Sunday
395,2021-10-25,2021,4,10,43,Monday
396,2021-10-26,2021,4,10,43,Tuesday
397,2021-10-27,2021,4,10,43,Wednesday
398,2021-10-28,2021,4,10,43,Thursday
399,2021-10-29,2021,4,10,43,Friday
400,2021-10-30,2021,4,10,43,Saturday
401,2021-10-31,2021,4,10,43,Sunday
402,2021-11-01,2021,4,11,44,Monday
403,2021-11-02,2021,4,11,44,Tuesday
404,2021-11-03,2021,4,11,44,Wednesday
405,2021-11-04,2021,4,11,44,Thursday
406,2021-11-05,2021,4,11,44,Friday
407,2021-11-06,2021,4,11,44,Saturday
408,2021-11-07,2021,4,11,44,Sunday
409,2021-11-08,2021,4,11,45,Monday
410,2021-11-09,2021,4,11,45,Tuesday
411,2021-11-10,2021,4,11,45,Wednesday
412,2021-11-11,2021,4,11,45,Thursday
413,2021-11-12,2021,4,11,45,Friday
414,2021-11-13,2021,4,11,45,Saturday
415,2021-11-14,2021,4,11,45,Sunday
416,2021-11-15,2021,4,11,46,Monday
417,2021-11-16,2021,4,11,46,Tuesday
418,2021-11-17,2021,4,11,46,Wednesday
419,2021-11-18,2021,4,11,46,Thursday
420,2021-11-19,2021,4,11,46,Friday
421,2021-11-20,2021,4,11,46,Saturday
422,2021-11-21,2021,4,11,46,Sunday
423,2021-11-22,2021,4,11,47,Monday
424,2021-11-23,2021,4,11,47,Tuesday
425,2021-11-24,2021,4,11,47,Wednesday
426,2021-11-25,2021,4,11,47,Thursday
427,2021-11-26,2021,4,11,47,Friday
428,2021-11-27,2021,4,11,47,Saturday
429,2021-11-28,2021,4,11,47,Sunday
430,2021-11-29,2021,4,11,48,Monday
431,2021-11-30,2021,4,11,48,Tuesday
432,2021-12-01,2021,4,12,48,Wednesday
433,2021-12-02,2021,4,12,48,Thursday
434,2021-12-03,2021,4,12,48,Friday
435,2021-12-04,2021,4,12,48,Saturday
436,2021-12-05,2021,4,12,48,Sunday
437,2021-12-06,2021,4,12,49,Monday
438,2021-12-07,2021,4,12,49,Tuesday
439,2021-12-08,2021,4,12,49,Wednesday
440,2021-12-09,2021,4,12,49,Thursday
441,2021-12-10,2021,4,12,49,Friday
442,2021-12-11,2021,4,12,49,Saturday
443,2021-12-12,2021,4,12,49,Sunday
444,2021-12-13,2021,4,12,50,Monday
445,2021-12-14,2021,4,12,50,Tuesday
446,2021-12-15,2021,4,12,50,Wednesday
447,2021-12-16,2021,4,12,50,Thursday
448,2021-12-17,2021,4,12,50,Friday
449,2021-12-18,2021,4,12,50,Saturday
450,2021-12-19,2021,4,12,50,Sunday
451,2021-12-20,2021,4,12,51,Monday
452,2021-12-21,2021,4,12,51,Tuesday
453,2021-12-22,2021,4,12,51,Wednesday
454,2021-12-23,2021,4,12,51,Thursday
455,2021-12-24,2021,4,12,51,Friday
456,2021-12-25,2021,4,12,51,Saturday
457,2021-12-26,2021,4,12,51,Sunday
458,2021-12-27,2021,4,12,52,Monday
459,2021-12-28,2021,4,12,52,Tuesday
460,2021-12-29,2021,4,12,52,Wednesday
461,2021-12-30,2021,4,12,52,Thursday
462,2021-12-31,2021,4,12,52,Friday
463,2022-01-01,2022,1,1,52,Saturday
464,2022-01-02,2022,1,1,52,Sunday
465,2022-01-03,2022,1,1,1,Monday
466,2022-01-04,2022,1,1,1,Tuesday
467,2022-01-05,2022,1,1,1,Wednesday
468,2022-01-06,2022,1,1,1,Thursday
469,2022-01-07,2022,1,1,1,Friday
470,2022-01-08,2022,1,1,1,Saturday
471,2022-01-09,2022,1,1,1,Sunday
472,2022-01-10,2022,1,1,2,Monday
473,2022-01-11,2022,1,1,2,Tuesday
474,2022-01-12,2022,1,1,2,Wednesday
475,2022-01-13,2022,1,1,2,Thursday
476,2022-01-14,2022,1,1,2,Friday
477,2022-01-15,2022,1,1,2,Saturday
478,2022-01-16,2022,1,1,2,Sunday
479,2022-01-17,2022,1,1,3,Monday
480,2022-01-18,2022,1,1,3,Tuesday
481,2022-01-19,2022,1,1,3,Wednesday
482,2022-01-20,2022,1,1,3,Thursday
483,2022-01-21,2022,1,1,3,Friday
484,2022-01-22,2022,1,1,3,Saturday
485,2022-01-23,2022,1,1,3,Sunday
486,2022-01-24,2022,1,1,4,Monday
487,2022-01-25,2022,1,1,4,Tuesday
488,2022-01-26,2022,1,1,4,Wednesday
489,2022-01-27,2022,1,1,4,Thursday
490,2022-01-28,2022,1,1,4,Friday
491,2022-01-29,2022,1,1,4,Saturday
492,2022-01-30,2022,1,1,4,Sunday
493,2022-01-31,2022,1,1,5,Monday
494,2022-02-01,2022,1,2,5,Tuesday
495,2022-02-02,2022,1,2,5,Wednesday
496,2022-02-03,2022,1,2,5,Thursday
497,2022-02-04,2022,1,2,5,Friday
498,2022-02-05,2022,1,2,5,Saturday
499,2022-02-06,2022,1,2,5,Sunday
500,2022-02-07,2022,1,2,6,Monday
501,2022-02-08,2022,1,2,6,Tuesday
502,2022-02-09,2022,1,2,6,Wednesday
503,2022-02-10,2022,1,2,6,Thursday
504,2022-02-11,2022,1,2,6,Friday
505,2022-02-12,2022,1,2,6,Saturday
506,2022-02-13,2022,1,2,6,Sunday
507,2022-02-14,2022,1,2,7,Monday
508,2022-02-15,2022,1,2,7,Tuesday
509,2022-02-16,2022,1,2,7,Wednesday
510,2022-02-17,2022,1,2,7,Thursday
511,2022-02-18,2022,1,2,7,Friday
512,2022-02-19,2022,1,2,7,Saturday
513,2022-02-20,2022,1,2,7,Sunday
514,2022-02-21,2022,1,2,8,Monday
515,2022-02-22,2022,1,2,8,Tuesday
516,2022-02-23,2022,1,2,8,Wednesday
517,2022-02-24,2022,1,2,8,Thursday
518,2022-02-25,2022,1,2,8,Friday
519,2022-02-26,2022,1,2,8,Saturday
520,2022-02-27,2022,1,2,8,Sunday
521,2022-02-28,2022,1,2,9,Monday
522,2022-03-01,2022,1,3,9,Tuesday
523,2022-03-02,2022,1,3,9,Wednesday
524,2022-03-03,2022,1,3,9,Thursday
525,2022-03-04,2022,1,3,9,Friday
526,2022-03-05,2022,1,3,9,Saturday
527,2022-03-06,2022,1,3,9,Sunday
528,2022-03-07,2022,1,3,10,Monday
529,2022-03-08,2022,1,3,10,Tuesday
530,2022-03-09,2022,1,3,10,Wednesday
531,2022-03-10,2022,1,3,10,Thursday
532,2022-03-11,2022,1,3,10,Friday
533,2022-03-12,2022,1,3,10,Saturday
534,2022-03-13,2022,1,3,10,Sunday
535,2022-03-14,2022,1,3,11,Monday
536,2022-03-15,2022,1,3,11,Tuesday
537,2022-03-16,2022,1,3,11,Wednesday
538,2022-03-17,2022,1,3,11,Thursday
539,2022-03-18,2022,1,3,11,Friday
540,2022-03-19,2022,1,3,11,Saturday
541,2022-03-20,2022,1,3,11,Sunday
542,2022-03-21,2022,1,3,12,Monday
543,2022-03-22,2022,1,3,12,Tuesday
544,2022-03-23,2022,1,3,12,Wednesday
545,2022-03-24,2022,1,3,12,Thursday
546,2022-03-25,2022,1,3,12,Friday
547,2022-03-26,2022,1,3,12,Saturday
548,2022-03-27,2022,1,3,12,Sunday
549,2022-03-28,2022,1,3,13,Monday
550,2022-03-29,2022,1,3,13,Tuesday
551,2022-03-30,2022,1,3,13,Wednesday
552,2022-03-31,2022,1,3,13,Thursday
553,2022-04-01,2022,2,4,13,Friday
554,2022-04-02,2022,2,4,13,Saturday
555,2022-04-03,2022,2,4,13,Sunday
556,2022-04-04,2022,2,4,14,Monday
557,2022-04-05,2022,2,4,14,Tuesday
558,2022-04-06,2022,2,4,14,Wednesday
559,2022-04-07,2022,2,4,14,Thursday
560,2022-04-08,2022,2,4,14,Friday
561,2022-04-09,2022,2,4,14,Saturday
562,2022-04-10,2022,2,4,14,Sunday
563,2022-04-11,2022,2,4,15,Monday
564,2022-04-12,2022,2,4,15,Tuesday
565,2022-04-13,2022,2,4,15,Wednesday
566,2022-04-14,2022,2,4,15,Thursday
567,2022-04-15,2022,2,4,15,Friday
568,2022-04-16,2022,2,4,15,Saturday
569,2022-04-17,2022,2,4,15,Sunday
570,2022-04-18,2022,2,4,16,Monday
571,2022-04-19,2022,2,4,16,Tuesday
572,2022-04-20,2022,2,4,16,Wednesday
573,2022-04-21,2022,2,4,16,Thursday
574,2022-04-22,2022,2,4,16,Friday
575,2022-04-23,2022,2,4,16,Saturday
576,2022-04-24,2022,2,4,16,Sunday
577,2022-04-25,2022,2,4,17,Monday
578,2022-04-26,2022,2,4,17,Tuesday
579,2022-04-27,2022,2,4,17,Wednesday
580,2022-04-28,2022,2,4,17,Thursday
581,2022-04-29,2022,2,4,17,Friday
582,2022-04-30,2022,2,4,17,Saturday
583,2022-05-01,2022,2,5,17,Sunday
584,2022-05-02,2022,2,5,18,Monday
585,2022-05-03,2022,2,5,18,Tuesday
586,2022-05-04,2022,2,5,18,Wednesday
587,2022-05-05,2022,2,5,18,Thursday
588,2022-05-06,2022,2,5,18,Friday
589,2022-05-07,2022,2,5,18,Saturday
590,2022-05-08,2022,2,5,18,Sunday
591,2022-05-09,2022,2,5,19,Monday
592,2022-05-10,2022,2,5,19,Tuesday
593,2022-05-11,2022,2,5,19,Wednesday
594,2022-05-12,2022,2,5,19,Thursday
595,2022-05-13,2022,2,5,19,Friday
596,2022-05-14,2022,2,5,19,Saturday
597,2022-05-15,2022,2,5,19,Sunday
598,2022-05-16,2022,2,5,20,Monday
599,2022-05-17,2022,2,5,20,Tuesday
600,2022-05-18,2022,2,5,20,Wednesday
601,2022-05-19,2022,2,5,20,Thursday
602,2022-05-20,2022,2,5,20,Friday
603,2022-05-21,2022,2,5,20,Saturday
604,2022-05-22,2022,2,5,20,Sunday
605,2022-05-23,2022,2,5,21,Monday
606,2022-05-24,2022,2,5,21,Tuesday
607,2022-05-25,2022,2,5,21,Wednesday
608,2022-05-26,2022,2,5,21,Thursday
609,2022-05-27,2022,2,5,21,Friday
610,2022-05-28,2022,2,5,21,Saturday
611,2022-05-29,2022,2,5,21,Sunday
612,2022-05-30,2022,2,5,22,Monday
613,2022-05-31,2022,2,5,22,Tuesday
614,2022-06-01,2022,2,6,22,Wednesday
615,2022-06-02,2022,2,6,22,Thursday
616,2022-06-03,2022,2,6,22,Friday
617,2022-06-04,2022,2,6,22,Saturday
618,2022-06-05,2022,2,6,22,Sunday
619,2022-06-06,2022,2,6,23,Monday
620,2022-06-07,2022,2,6,23,Tuesday
621,2022-06-08,2022,2,6,23,Wednesday
622,2022-06-09,2022,2,6,23,Thursday
623,2022-06-10,2022,2,6,23,Friday
624,2022-06-11,2022,2,6,23,Saturday
625,2022-06-12,2022,2,6,23,Sunday
626,2022-06-13,2022,2,6,24,Monday
627,2022-06-14,2022,2,6,24,Tuesday
628,2022-06-15,2022,2,6,24,Wednesday
629,2022-06-16,2022,2,6,24,Thursday
630,2022-06-17,2022,2,6,24,Friday
631,2022-06-18,2022,2,6,24,Saturday
632,2022-06-19,2022,2,6,24,Sunday
633,2022-06-20,2022,2,6,25,Monday
634,2022-06-21,2022,2,6,25,Tuesday
635,2022-06-22,2022,2,6,25,Wednesday
636,2022-06-23,2022,2,6,25,Thursday
637,2022-06-24,2022,2,6,25,Friday
638,2022-06-25,2022,2,6,25,Saturday
639,2022-06-26,2022,2,6,25,Sunday
640,2022-06-27,2022,2,6,26,Monday
641,2022-06-28,2022,2,6,26,Tuesday
642,2022-06-29,2022,2,6,26,Wednesday
643,2022-06-30,2022,2,6,26,Thursday
644,2022-07-01,2022,3,7,26,Friday
645,2022-07-02,2022,3,7,26,Saturday
646,2022-07-03,2022,3,7,26,Sunday
647,2022-07-04,2022,3,7,27,Monday
648,2022-07-05,2022,3,7,27,Tuesday
649,2022-07-06,2022,3,7,27,Wednesday
650,2022-07-07,2022,3,7,27,Thursday
651,2022-07-08,2022,3,7,27,Friday
652,2022-07-09,2022,3,7,27,Saturday
653,2022-07-10,2022,3,7,27,Sunday
654,2022-07-11,2022,3,7,28,Monday
655,2022-07-12,2022,3,7,28,Tuesday
656,2022-07-13,2022,3,7,28,Wednesday
657,2022-07-14,2022,3,7,28,Thursday
658,2022-07-15,2022,3,7,28,Friday
659,2022-07-16,2022,3,7,28,Saturday
660,2022-07-17,2022,3,7,28,Sunday
661,2022-07-18,2022,3,7,29,Monday
662,2022-07-19,2022,3,7,29,Tuesday
663,2022-07-20,2022,3,7,29,Wednesday
664,2022-07-21,2022,3,7,29,Thursday
665,2022-07-22,2022,3,7,29,Friday
666,2022-07-23,2022,3,7,29,Saturday
667,2022-07-24,2022,3,7,29,Sunday
668,2022-07-25,2022,3,7,30,Monday
669,2022-07-26,2022,3,7,30,Tuesday
670,2022-07-27,2022,3,7,30,Wednesday
671,2022-07-28,2022,3,7,30,Thursday
672,2022-07-29,2022,3,7,30,Friday
673,2022-07-30,2022,3,7,30,Saturday
674,2022-07-31,2022,3,7,30,Sunday
675,2022-08-01,2022,3,8,31,Monday
676,2022-08-02,2022,3,8,31,Tuesday
677,2022-08-03,2022,3,8,31,Wednesday
678,2022-08-04,2022,3,8,31,Thursday
679,2022-08-05,2022,3,8,31,Friday
680,2022-08-06,2022,3,8,31,Saturday
681,2022-08-07,2022,3,8,31,Sunday
682,2022-08-08,2022,3,8,32,Monday
683,2022-08-09,2022,3,8,32,Tuesday
684,2022-08-10,2022,3,8,32,Wednesday
685,2022-08-11,2022,3,8,32,Thursday
686,2022-08-12,2022,3,8,32,Friday
687,2022-08-13,2022,3,8,32,Saturday
688,2022-08-14,2022,3,8,32,Sunday
689,2022-08-15,2022,3,8,33,Monday
690,2022-08-16,2022,3,8,33,Tuesday
691,2022-08-17,2022,3,8,33,Wednesday
692,2022-08-18,2022,3,8,33,Thursday
693,2022-08-19,2022,3,8,33,Friday
694,2022-08-20,2022,3,8,33,Saturday
695,2022-08-21,2022,3,8,33,Sunday
696,2022-08-22,2022,3,8,34,Monday
697,2022-08-23,2022,3,8,34,Tuesday
698,2022-08-24,2022,3,8,34,Wednesday
699,2022-08-25,2022,3,8,34,Thursday
700,2022-08-26,2022,3,8,34,Friday
701,2022-08-27,2022,3,8,34,Saturday
702,2022-08-28,2022,3,8,34,Sunday
703,2022-08-29,2022,3,8,35,Monday
704,2022-08-30,2022,3,8,35,Tuesday
705,2022-08-31,2022,3,8,35,Wednesday
706,2022-09-01,2022,3,9,35,Thursday
707,2022-09-02,2022,3,9,35,Friday
708,2022-09-03,2022,3,9,35,Saturday
709,2022-09-04,2022,3,9,35,Sunday
710,2022-09-05,2022,3,9,36,Monday
711,2022-09-06,2022,3,9,36,Tuesday
712,2022-09-07,2022,3,9,36,Wednesday
713,2022-09-08,2022,3,9,36,Thursday
714,2022-09-09,2022,3,9,36,Friday
715,2022-09-10,2022,3,9,36,Saturday
716,2022-09-11,2022,3,9,36,Sunday
717,2022-09-12,2022,3,9,37,Monday
718,2022-09-13,2022,3,9,37,Tuesday
719,2022-09-14,2022,3,9,37,Wednesday
720,2022-09-15,2022,3,9,37,Thursday
721,2022-09-16,2022,3,9,37,Friday
722,2022-09-17,2022,3,9,37,Saturday
723,2022-09-18,2022,3,9,37,Sunday
724,2022-09-19,2022,3,9,38,Monday
725,2022-09-20,2022,3,9,38,Tuesday
726,2022-09-21,2022,3,9,38,Wednesday
727,2022-09-22,2022,3,9,38,Thursday
728,2022-09-23,2022,3,9,38,Friday
729,2022-09-24,2022,3,9,38,Saturday
730,2022-09-25,2022,3,9,38,Sunday
731,2022-09-26,2022,3,9,39,Monday
732,2022-09-27,2022,3,9,39,Tuesday
733,2022-09-28,2022,3,9,39,Wednesday
734,2022-09-29,2022,3,9,39,Thursday
735,2022-09-30,2022,3,9,39,Friday
736,2022-10-01,2022,4,10,39,Saturday
737,2022-10-02,2022,4,10,39,Sunday
738,2022-10-03,2022,4,10,40,Monday
739,2022-10-04,2022,4,10,40,Tuesday
740,2022-10-05,2022,4,10,40,Wednesday
741,2022-10-06,2022,4,10,40,Thursday
742,2022-10-07,2022,4,10,40,Friday
743,2022-10-08,2022,4,10,40,Saturday
744,2022-10-09,2022,4,10,40,Sunday
745,2022-10-10,2022,4,10,41,Monday
746,2022-10-11,2022,4,10,41,Tuesday
747,2022-10-12,2022,4,10,41,Wednesday
748,2022-10-13,2022,4,10,41,Thursday
749,2022-10-14,2022,4,10,41,Friday
750,2022-10-15,2022,4,10,41,Saturday
751,2022-10-16,2022,4,10,41,Sunday
752,2022-10-17,2022,4,10,42,Monday
753,2022-10-18,2022,4,10,42,Tuesday
754,2022-10-19,2022,4,10,42,Wednesday
755,2022-10-20,2022,4,10,42,Thursday
756,2022-10-21,2022,4,10,42,Friday
757,2022-10-22,2022,4,10,42,Saturday
758,2022-10-23,2022,4,10,42,Sunday
759,2022-10-24,2022,4,10,43,Monday
760,2022-10-25,2022,4,10,43,Tuesday
761,2022-10-26,2022,4,10,43,Wednesday
762,2022-10-27,2022,4,10,43,Thursday
763,2022-10-28,2022,4,10,43,Friday
764,2022-10-29,2022,4,10,43,Saturday
765,2022-10-30,2022,4,10,43,Sunday
766,2022-10-31,2022,4,10,44,Monday
767,2022-11-01,2022,4,11,44,Tuesday
768,2022-11-02,2022,4,11,44,Wednesday
769,2022-11-03,2022,4,11,44,Thursday
770,2022-11-04,2022,4,11,44,Friday
771,2022-11-05,2022,4,11,44,Saturday
772,2022-11-06,2022,4,11,44,Sunday
773,2022-11-07,2022,4,11,45,Monday
774,2022-11-08,2022,4,11,45,Tuesday
775,2022-11-09,2022,4,11,45,Wednesday
776,2022-11-10,2022,4,11,45,Thursday
777,2022-11-11,2022,4,11,45,Friday
778,2022-11-12,2022,4,11,45,Saturday
779,2022-11-13,2022,4,11,45,Sunday
780,2022-11-14,2022,4,11,46,Monday
781,2022-11-15,2022,4,11,46,Tuesday
782,2022-11-16,2022,4,11,46,Wednesday
783,2022-11-17,2022,4,11,46,Thursday
784,2022-11-18,2022,4,11,46,Friday
785,2022-11-19,2022,4,11,46,Saturday
786,2022-11-20,2022,4,11,46,Sunday
787,2022-11-21,2022,4,11,47,Monday
788,2022-11-22,2022,4,11,47,Tuesday
789,2022-11-23,2022,4,11,47,Wednesday
790,2022-11-24,2022,4,11,47,Thursday
791,2022-11-25,2022,4,11,47,Friday
792,2022-11-26,2022,4,11,47,Saturday
793,2022-11-27,2022,4,11,47,Sunday
794,2022-11-28,2022,4,11,48,Monday
795,2022-11-29,2022,4,11,48,Tuesday
796,2022-11-30,2022,4,11,48,Wednesday
797,2022-12-01,2022,4,12,48,Thursday
798,2022-12-02,2022,4,12,48,Friday
799,2022-12-03,2022,4,12,48,Saturday
800,2022-12-04,2022,4,12,48,Sunday
801,2022-12-05,2022,4,12,49,Monday
802,2022-12-06,2022,4,12,49,Tuesday
803,2022-12-07,2022,4,12,49,Wednesday
804,2022-12-08,2022,4,12,49,Thursday
805,2022-12-09,2022,4,12,49,Friday
806,2022-12-10,2022,4,12,49,Saturday
807,2022-12-11,2022,4,12,49,Sunday
808,2022-12-12,2022,4,12,50,Monday
809,2022-12-13,2022,4,12,50,Tuesday
810,2022-12-14,2022,4,12,50,Wednesday
811,2022-12-15,2022,4,12,50,Thursday
812,2022-12-16,2022,4,12,50,Friday
813,2022-12-17,2022,4,12,50,Saturday
814,2022-12-18,2022,4,12,50,Sunday
815,2022-12-19,2022,4,12,51,Monday
816,2022-12-20,2022,4,12,51,Tuesday
817,2022-12-21,2022,4,12,51,Wednesday
818,2022-12-22,2022,4,12,51,Thursday
819,2022-12-23,2022,4,12,51,Friday
820,2022-12-24,2022,4,12,51,Saturday
821,2022-12-25,2022,4,12,51,Sunday
822,2022-12-26,2022,4,12,52,Monday
823,2022-12-27,2022,4,12,52,Tuesday
824,2022-12-28,2022,4,12,52,Wednesday
825,2022-12-29,2022,4,12,52,Thursday
826,2022-12-30,2022,4,12,52,Friday
827,2022-12-31,2022,4,12,52,Saturday
828,2023-01-01,2023,1,1,52,Sunday
829,2023-01-02,2023,1,1,1,Monday
830,2023-01-03,2023,1,1,1,Tuesday
831,2023-01-04,2023,1,1,1,Wednesday
832,2023-01-05,2023,1,1,1,Thursday
833,2023-01-06,2023,1,1,1,Friday
834,2023-01-07,2023,1,1,1,Saturday
835,2023-01-08,2023,1,1,1,Sunday
836,2023-01-09,2023,1,1,2,Monday
837,2023-01-10,2023,1,1,2,Tuesday
838,2023-01-11,2023,1,1,2,Wednesday
839,2023-01-12,2023,1,1,2,Thursday
840,2023-01-13,2023,1,1,2,Friday
841,2023-01-14,2023,1,1,2,Saturday
842,2023-01-15,2023,1,1,2,Sunday
843,2023-01-16,2023,1,1,3,Monday
844,2023-01-17,2023,1,1,3,Tuesday
845,2023-01-18,2023,1,1,3,Wednesday
846,2023-01-19,2023,1,1,3,Thursday
847,2023-01-20,2023,1,1,3,Friday
848,2023-01-21,2023,1,1,3,Saturday
849,2023-01-22,2023,1,1,3,Sunday
850,2023-01-23,2023,1,1,4,Monday
851,2023-01-24,2023,1,1,4,Tuesday
852,2023-01-25,2023,1,1,4,Wednesday
853,2023-01-26,2023,1,1,4,Thursday
854,2023-01-27,2023,1,1,4,Friday
855,2023-01-28,2023,1,1,4,Saturday
856,2023-01-29,2023,1,1,4,Sunday
857,2023-01-30,2023,1,1,5,Monday
858,2023-01-31,2023,1,1,5,Tuesday
859,2023-02-01,2023,1,2,5,Wednesday
860,2023-02-02,2023,1,2,5,Thursday
861,2023-02-03,2023,1,2,5,Friday
862,2023-02-04,2023,1,2,5,Saturday
863,2023-02-05,2023,1,2,5,Sunday
864,2023-02-06,2023,1,2,6,Monday
865,2023-02-07,2023,1,2,6,Tuesday
866,2023-02-08,2023,1,2,6,Wednesday
867,2023-02-09,2023,1,2,6,Thursday
868,2023-02-10,2023,1,2,6,Friday
869,2023-02-11,2023,1,2,6,Saturday
870,2023-02-12,2023,1,2,6,Sunday
871,2023-02-13,2023,1,2,7,Monday
872,2023-02-14,2023,1,2,7,Tuesday
873,2023-02-15,2023,1,2,7,Wednesday
874,2023-02-16,2023,1,2,7,Thursday
875,2023-02-17,2023,1,2,7,Friday
876,2023-02-18,2023,1,2,7,Saturday
877,2023-02-19,2023,1,2,7,Sunday
878,2023-02-20,2023,1,2,8,Monday
879,2023-02-21,2023,1,2,8,Tuesday
880,2023-02-22,2023,1,2,8,Wednesday
881,2023-02-23,2023,1,2,8,Thursday
882,2023-02-24,2023,1,2,8,Friday
883,2023-02-25,2023,1,2,8,Saturday
884,2023-02-26,2023,1,2,8,Sunday
885,2023-02-27,2023,1,2,9,Monday
886,2023-02-28,2023,1,2,9,Tuesday
887,2023-03-01,2023,1,3,9,Wednesday
888,2023-03-02,2023,1,3,9,Thursday
889,2023-03-03,2023,1,3,9,Friday
890,2023-03-04,2023,1,3,9,Saturday
891,2023-03-05,2023,1,3,9,Sunday
892,2023-03-06,2023,1,3,10,Monday
893,2023-03-07,2023,1,3,10,Tuesday
894,2023-03-08,2023,1,3,10,Wednesday
895,2023-03-09,2023,1,3,10,Thursday
896,2023-03-10,2023,1,3,10,Friday
897,2023-03-11,2023,1,3,10,Saturday
898,2023-03-12,2023,1,3,10,Sunday
899,2023-03-13,2023,1,3,11,Monday
900,2023-03-14,2023,1,3,11,Tuesday
901,2023-03-15,2023,1,3,11,Wednesday
902,2023-03-16,2023,1,3,11,Thursday
903,2023-03-17,2023,1,3,11,Friday
904,2023-03-18,2023,1,3,11,Saturday
905,2023-03-19,2023,1,3,11,Sunday
906,2023-03-20,2023,1,3,12,Monday
907,2023-03-21,2023,1,3,12,Tuesday
908,2023-03-22,2023,1,3,12,Wednesday
909,2023-03-23,2023,1,3,12,Thursday
910,2023-03-24,2023,1,3,12,Friday
911,2023-03-25,2023,1,3,12,Saturday
912,2023-03-26,2023,1,3,12,Sunday
913,2023-03-27,2023,1,3,13,Monday
914,2023-03-28,2023,1,3,13,Tuesday
915,2023-03-29,2023,1,3,13,Wednesday
916,2023-03-30,2023,1,3,13,Thursday
917,2023-03-31,2023,1,3,13,Friday
918,2023-04-01,2023,2,4,13,Saturday
919,2023-04-02,2023,2,4,13,Sunday
920,2023-04-03,2023,2,4,14,Monday
921,2023-04-04,2023,2,4,14,Tuesday
922,2023-04-05,2023,2,4,14,Wednesday
923,2023-04-06,2023,2,4,14,Thursday
924,2023-04-07,2023,2,4,14,Friday
925,2023-04-08,2023,2,4,14,Saturday
926,2023-04-09,2023,2,4,14,Sunday
927,2023-04-10,2023,2,4,15,Monday
928,2023-04-11,2023,2,4,15,Tuesday
929,2023-04-12,2023,2,4,15,Wednesday
930,2023-04-13,2023,2,4,15,Thursday
931,2023-04-14,2023,2,4,15,Friday
932,2023-04-15,2023,2,4,15,Saturday
933,2023-04-16,2023,2,4,15,Sunday
934,2023-04-17,2023,2,4,16,Monday
935,2023-04-18,2023,2,4,16,Tuesday
936,2023-04-19,2023,2,4,16,Wednesday
937,2023-04-20,2023,2,4,16,Thursday
938,2023-04-21,2023,2,4,16,Friday
939,2023-04-22,2023,2,4,16,Saturday
940,2023-04-23,2023,2,4,16,Sunday
941,2023-04-24,2023,2,4,17,Monday
942,2023-04-25,2023,2,4,17,Tuesday
943,2023-04-26,2023,2,4,17,Wednesday
944,2023-04-27,2023,2,4,17,Thursday
945,2023-04-28,2023,2,4,17,Friday
946,2023-04-29,2023,2,4,17,Saturday
947,2023-04-30,2023,2,4,17,Sunday
948,2023-05-01,2023,2,5,18,Monday
949,2023-05-02,2023,2,5,18,Tuesday
950,2023-05-03,2023,2,5,18,Wednesday
951,2023-05-04,2023,2,5,18,Thursday
952,2023-05-05,2023,2,5,18,Friday
953,2023-05-06,2023,2,5,18,Saturday
954,2023-05-07,2023,2,5,18,Sunday
955,2023-05-08,2023,2,5,19,Monday
956,2023-05-09,2023,2,5,19,Tuesday
957,2023-05-10,2023,2,5,19,Wednesday
958,2023-05-11,2023,2,5,19,Thursday
959,2023-05-12,2023,2,5,19,Friday
960,2023-05-13,2023,2,5,19,Saturday
961,2023-05-14,2023,2,5,19,Sunday
962,2023-05-15,2023,2,5,20,Monday
963,2023-05-16,2023,2,5,20,Tuesday
964,2023-05-17,2023,2,5,20,Wednesday
965,2023-05-18,2023,2,5,20,Thursday
966,2023-05-19,2023,2,5,20,Friday
967,2023-05-20,2023,2,5,20,Saturday
968,2023-05-21,2023,2,5,20,Sunday
969,2023-05-22,2023,2,5,21,Monday
970,2023-05-23,2023,2,5,21,Tuesday
971,2023-05-24,2023,2,5,21,Wednesday
972,2023-05-25,2023,2,5,21,Thursday
973,2023-05-26,2023,2,5,21,Friday
974,2023-05-27,2023,2,5,21,Saturday
975,2023-05-28,2023,2,5,21,Sunday
976,2023-05-29,2023,2,5,22,Monday
977,2023-05-30,2023,2,5,22,Tuesday
978,2023-05-31,2023,2,5,22,Wednesday
979,2023-06-01,2023,2,6,22,Thursday
980,2023-06-02,2023,2,6,22,Friday
981,2023-06-03,2023,2,6,22,Saturday
982,2023-06-04,2023,2,6,22,Sunday
983,2023-06-05,2023,2,6,23,Monday
984,2023-06-06,2023,2,6,23,Tuesday
985,2023-06-07,2023,2,6,23,Wednesday
986,2023-06-08,2023,2,6,23,Thursday
987,2023-06-09,2023,2,6,23,Friday
988,2023-06-10,2023,2,6,23,Saturday
989,2023-06-11,2023,2,6,23,Sunday
990,2023-06-12,2023,2,6,24,Monday
991,2023-06-13,2023,2,6,24,Tuesday
992,2023-06-14,2023,2,6,24,Wednesday
993,2023-06-15,2023,2,6,24,Thursday
994,2023-06-16,2023,2,6,24,Friday
995,2023-06-17,2023,2,6,24,Saturday
996,2023-06-18,2023,2,6,24,Sunday
997,2023-06-19,2023,2,6,25,Monday
998,2023-06-20,2023,2,6,25,Tuesday
999,2023-06-21,2023,2,6,25,Wednesday
1000,2023-06-22,2023,2,6,25,Thursday
1001,2023-06-23,2023,2,6,25,Friday
1002,2023-06-24,2023,2,6,25,Saturday
1003,2023-06-25,2023,2,6,25,Sunday
1004,2023-06-26,2023,2,6,26,Monday
1005,2023-06-27,2023,2,6,26,Tuesday
1006,2023-06-28,2023,2,6,26,Wednesday
1007,2023-06-29,2023,2,6,26,Thursday
1008,2023-06-30,2023,2,6,26,Friday
1009,2023-07-01,2023,3,7,26,Saturday
1010,2023-07-02,2023,3,7,26,Sunday
1011,2023-07-03,2023,3,7,27,Monday
1012,2023-07-04,2023,3,7,27,Tuesday
1013,2023-07-05,2023,3,7,27,Wednesday
1014,2023-07-06,2023,3,7,27,Thursday
1015,2023-07-07,2023,3,7,27,Friday
1016,2023-07-08,2023,3,7,27,Saturday
1017,2023-07-09,2023,3,7,27,Sunday
1018,2023-07-10,2023,3,7,28,Monday
1019,2023-07-11,2023,3,7,28,Tuesday
1020,2023-07-12,2023,3,7,28,Wednesday
1021,2023-07-13,2023,3,7,28,Thursday
1022,2023-07-14,2023,3,7,28,Friday
1023,2023-07-15,2023,3,7,28,Saturday
1024,2023-07-16,2023,3,7,28,Sunday
1025,2023-07-17,2023,3,7,29,Monday
1026,2023-07-18,2023,3,7,29,Tuesday
1027,2023-07-19,2023,3,7,29,Wednesday
1028,2023-07-20,2023,3,7,29,Thursday
1029,2023-07-21,2023,3,7,29,Friday
1030,2023-07-22,2023,3,7,29,Saturday
1031,2023-07-23,2023,3,7,29,Sunday
1032,2023-07-24,2023,3,7,30,Monday
1033,2023-07-25,2023,3,7,30,Tuesday
1034,2023-07-26,2023,3,7,30,Wednesday
1035,2023-07-27,2023,3,7,30,Thursday
1036,2023-07-28,2023,3,7,30,Friday
1037,2023-07-29,2023,3,7,30,Saturday
1038,2023-07-30,2023,3,7,30,Sunday
1039,2023-07-31,2023,3,7,31,Monday
1040,2023-08-01,2023,3,8,31,Tuesday
1041,2023-08-02,2023,3,8,31,Wednesday
1042,2023-08-03,2023,3,8,31,Thursday
1043,2023-08-04,2023,3,8,31,Friday
1044,2023-08-05,2023,3,8,31,Saturday
1045,2023-08-06,2023,3,8,31,Sunday
1046,2023-08-07,2023,3,8,32,Monday
1047,2023-08-08,2023,3,8,32,Tuesday
1048,2023-08-09,2023,3,8,32,Wednesday
1049,2023-08-10,2023,3,8,32,Thursday
1050,2023-08-11,2023,3,8,32,Friday
1051,2023-08-12,2023,3,8,32,Saturday
1052,2023-08-13,2023,3,8,32,Sunday
1053,2023-08-14,2023,3,8,33,Monday
1054,2023-08-15,2023,3,8,33,Tuesday
1055,2023-08-16,2023,3,8,33,Wednesday
1056,2023-08-17,2023,3,8,33,Thursday
1057,2023-08-18,2023,3,8,33,Friday
1058,2023-08-19,2023,3,8,33,Saturday
1059,2023-08-20,2023,3,8,33,Sunday
1060,2023-08-21,2023,3,8,34,Monday
1061,2023-08-22,2023,3,8,34,Tuesday
1062,2023-08-23,2023,3,8,34,Wednesday
1063,2023-08-24,2023,3,8,34,Thursday
1064,2023-08-25,2023,3,8,34,Friday
1065,2023-08-26,2023,3,8,34,Saturday
1066,2023-08-27,2023,3,8,34,Sunday
1067,2023-08-28,2023,3,8,35,Monday
1068,2023-08-29,2023,3,8,35,Tuesday
1069,2023-08-30,2023,3,8,35,Wednesday
1070,2023-08-31,2023,3,8,35,Thursday
1071,2023-09-01,2023,3,9,35,Friday
1072,2023-09-02,2023,3,9,35,Saturday
1073,2023-09-03,2023,3,9,35,Sunday
1074,2023-09-04,2023,3,9,36,Monday
1075,2023-09-05,2023,3,9,36,Tuesday
1076,2023-09-06,2023,3,9,36,Wednesday
1077,2023-09-07,2023,3,9,36,Thursday
1078,2023-09-08,2023,3,9,36,Friday
1079,2023-09-09,2023,3,9,36,Saturday
1080,2023-09-10,2023,3,9,36,Sunday
1081,2023-09-11,2023,3,9,37,Monday
1082,2023-09-12,2023,3,9,37,Tuesday
1083,2023-09-13,2023,3,9,37,Wednesday
1084,2023-09-14,2023,3,9,37,Thursday
1085,2023-09-15,2023,3,9,37,Friday
1086,2023-09-16,2023,3,9,37,Saturday
1087,2023-09-17,2023,3,9,37,Sunday
1088,2023-09-18,2023,3,9,38,Monday
1089,2023-09-19,2023,3,9,38,Tuesday
1090,2023-09-20,2023,3,9,38,Wednesday
1091,2023-09-21,2023,3,9,38,Thursday
1092,2023-09-22,2023,3,9,38,Friday
1093,2023-09-23,2023,3,9,38,Saturday
1094,2023-09-24,2023,3,9,38,Sunday
1095,2023-09-25,2023,3,9,39,Monday
1096,2023-09-26,2023,3,9,39,Tuesday
1097,2023-09-27,2023,3,9,39,Wednesday
1098,2023-09-28,2023,3,9,39,Thursday
1099,2023-09-29,2023,3,9,39,Friday
1100,2023-09-30,2023,3,9,39,Saturday
1101,2023-10-01,2023,4,10,39,Sunday
1102,2023-10-02,2023,4,10,40,Monday
1103,2023-10-03,2023,4,10,40,Tuesday
1104,2023-10-04,2023,4,10,40,Wednesday
1105,2023-10-05,2023,4,10,40,Thursday
1106,2023-10-06,2023,4,10,40,Friday
1107,2023-10-07,2023,4,10,40,Saturday
1108,2023-10-08,2023,4,10,40,Sunday
1109,2023-10-09,2023,4,10,41,Monday
1110,2023-10-10,2023,4,10,41,Tuesday
1111,2023-10-11,2023,4,10,41,Wednesday
1112,2023-10-12,2023,4,10,41,Thursday
1113,2023-10-13,2023,4,10,41,Friday
1114,2023-10-14,2023,4,10,41,Saturday
1115,2023-10-15,2023,4,10,41,Sunday
1116,2023-10-16,2023,4,10,42,Monday
1117,2023-10-17,2023,4,10,42,Tuesday
1118,2023-10-18,2023,4,10,42,Wednesday
1119,2023-10-19,2023,4,10,42,Thursday
1120,2023-10-20,2023,4,10,42,Friday
1121,2023-10-21,2023,4,10,42,Saturday
1122,2023-10-22,2023,4,10,42,Sunday
1123,2023-10-23,2023,4,10,43,Monday
1124,2023-10-24,2023,4,10,43,Tuesday
1125,2023-10-25,2023,4,10,43,Wednesday
1126,2023-10-26,2023,4,10,43,Thursday
1127,2023-10-27,2023,4,10,43,Friday
1128,2023-10-28,2023,4,10,43,Saturday
1129,2023-10-29,2023,4,10,43,Sunday
1130,2023-10-30,2023,4,10,44,Monday
1131,2023-10-31,2023,4,10,44,Tuesday
1132,2023-11-01,2023,4,11,44,Wednesday
1133,2023-11-02,2023,4,11,44,Thursday
1134,2023-11-03,2023,4,11,44,Friday
1135,2023-11-04,2023,4,11,44,Saturday
1136,2023-11-05,2023,4,11,44,Sunday
1137,2023-11-06,2023,4,11,45,Monday
1138,2023-11-07,2023,4,11,45,Tuesday
1139,2023-11-08,2023,4,11,45,Wednesday
1140,2023-11-09,2023,4,11,45,Thursday
1141,2023-11-10,2023,4,11,45,Friday
1142,2023-11-11,2023,4,11,45,Saturday
1143,2023-11-12,2023,4,11,45,Sunday
1144,2023-11-13,2023,4,11,46,Monday
1145,2023-11-14,2023,4,11,46,Tuesday
1146,2023-11-15,2023,4,11,46,Wednesday
1147,2023-11-16,2023,4,11,46,Thursday
1148,2023-11-17,2023,4,11,46,Friday
1149,2023-11-18,2023,4,11,46,Saturday
1150,2023-11-19,2023,4,11,46,Sunday
1151,2023-11-20,2023,4,11,47,Monday
1152,2023-11-21,2023,4,11,47,Tuesday
1153,2023-11-22,2023,4,11,47,Wednesday
1154,2023-11-23,2023,4,11,47,Thursday
1155,2023-11-24,2023,4,11,47,Friday
1156,2023-11-25,2023,4,11,47,Saturday
1157,2023-11-26,2023,4,11,47,Sunday
1158,2023-11-27,2023,4,11,48,Monday
1159,2023-11-28,2023,4,11,48,Tuesday
1160,2023-11-29,2023,4,11,48,Wednesday
1161,2023-11-30,2023,4,11,48,Thursday
1162,2023-12-01,2023,4,12,48,Friday
1163,2023-12-02,2023,4,12,48,Saturday
1164,2023-12-03,2023,4,12,48,Sunday
1165,2023-12-04,2023,4,12,49,Monday
1166,2023-12-05,2023,4,12,49,Tuesday
1167,2023-12-06,2023,4,12,49,Wednesday
1168,2023-12-07,2023,4,12,49,Thursday
1169,2023-12-08,2023,4,12,49,Friday
1170,2023-12-09,2023,4,12,49,Saturday
1171,2023-12-10,2023,4,12,49,Sunday
1172,2023-12-11,2023,4,12,50,Monday
1173,2023-12-12,2023,4,12,50,Tuesday
1174,2023-12-13,2023,4,12,50,Wednesday
1175,2023-12-14,2023,4,12,50,Thursday
1176,2023-12-15,2023,4,12,50,Friday
1177,2023-12-16,2023,4,12,50,Saturday
1178,2023-12-17,2023,4,12,50,Sunday
1179,2023-12-18,2023,4,12,51,Monday
1180,2023-12-19,2023,4,12,51,Tuesday
1181,2023-12-20,2023,4,12,51,Wednesday
1182,2023-12-21,2023,4,12,51,Thursday
1183,2023-12-22,2023,4,12,51,Friday
1184,2023-12-23,2023,4,12,51,Saturday
1185,2023-12-24,2023,4,12,51,Sunday
1186,2023-12-25,2023,4,12,52,Monday
1187,2023-12-26,2023,4,12,52,Tuesday
1188,2023-12-27,2023,4,12,52,Wednesday
1189,2023-12-28,2023,4,12,52,Thursday
1190,2023-12-29,2023,4,12,52,Friday
1191,2023-12-30,2023,4,12,52,Saturday
1192,2023-12-31,2023,4,12,52,Sunday
1193,2024-01-01,2024,1,1,1,Monday
1194,2024-01-02,2024,1,1,1,Tuesday
1195,2024-01-03,2024,1,1,1,Wednesday
1196,2024-01-04,2024,1,1,1,Thursday
1197,2024-01-05,2024,1,1,1,Friday
1198,2024-01-06,2024,1,1,1,Saturday
1199,2024-01-07,2024,1,1,1,Sunday
1200,2024-01-08,2024,1,1,2,Monday
1201,2024-01-09,2024,1,1,2,Tuesday
1202,2024-01-10,2024,1,1,2,Wednesday
1203,2024-01-11,2024,1,1,2,Thursday
1204,2024-01-12,2024,1,1,2,Friday
1205,2024-01-13,2024,1,1,2,Saturday
1206,2024-01-14,2024,1,1,2,Sunday
1207,2024-01-15,2024,1,1,3,Monday
1208,2024-01-16,2024,1,1,3,Tuesday
1209,2024-01-17,2024,1,1,3,Wednesday
1210,2024-01-18,2024,1,1,3,Thursday
1211,2024-01-19,2024,1,1,3,Friday
1212,2024-01-20,2024,1,1,3,Saturday
1213,2024-01-21,2024,1,1,3,Sunday
1214,2024-01-22,2024,1,1,4,Monday
1215,2024-01-23,2024,1,1,4,Tuesday
1216,2024-01-24,2024,1,1,4,Wednesday
1217,2024-01-25,2024,1,1,4,Thursday
1218,2024-01-26,2024,1,1,4,Friday
1219,2024-01-27,2024,1,1,4,Saturday
1220,2024-01-28,2024,1,1,4,Sunday
1221,2024-01-29,2024,1,1,5,Monday
1222,2024-01-30,2024,1,1,5,Tuesday
1223,2024-01-31,2024,1,1,5,Wednesday
1224,2024-02-01,2024,1,2,5,Thursday
1225,2024-02-02,2024,1,2,5,Friday
1226,2024-02-03,2024,1,2,5,Saturday
1227,2024-02-04,2024,1,2,5,Sunday
1228,2024-02-05,2024,1,2,6,Monday
1229,2024-02-06,2024,1,2,6,Tuesday
1230,2024-02-07,2024,1,2,6,Wednesday
1231,2024-02-08,2024,1,2,6,Thursday
1232,2024-02-09,2024,1,2,6,Friday
1233,2024-02-10,2024,1,2,6,Saturday
1234,2024-02-11,2024,1,2,6,Sunday
1235,2024-02-12,2024,1,2,7,Monday
1236,2024-02-13,2024,1,2,7,Tuesday
1237,2024-02-14,2024,1,2,7,Wednesday
1238,2024-02-15,2024,1,2,7,Thursday
1239,2024-02-16,2024,1,2,7,Friday
1240,2024-02-17,2024,1,2,7,Saturday
1241,2024-02-18,2024,1,2,7,Sunday
1242,2024-02-19,2024,1,2,8,Monday
1243,2024-02-20,2024,1,2,8,Tuesday
1244,2024-02-21,2024,1,2,8,Wednesday
1245,2024-02-22,2024,1,2,8,Thursday
1246,2024-02-23,2024,1,2,8,Friday
1247,2024-02-24,2024,1,2,8,Saturday
1248,2024-02-25,2024,1,2,8,Sunday
1249,2024-02-26,2024,1,2,9,Monday
1250,2024-02-27,2024,1,2,9,Tuesday
1251,2024-02-28,2024,1,2,9,Wednesday
1252,2024-02-29,2024,1,2,9,Thursday
1253,2024-03-01,2024,1,3,9,Friday
1254,2024-03-02,2024,1,3,9,Saturday
1255,2024-03-03,2024,1,3,9,Sunday
1256,2024-03-04,2024,1,3,10,Monday
1257,2024-03-05,2024,1,3,10,Tuesday
1258,2024-03-06,2024,1,3,10,Wednesday
1259,2024-03-07,2024,1,3,10,Thursday
1260,2024-03-08,2024,1,3,10,Friday
1261,2024-03-09,2024,1,3,10,Saturday
1262,2024-03-10,2024,1,3,10,Sunday
1263,2024-03-11,2024,1,3,11,Monday
1264,2024-03-12,2024,1,3,11,Tuesday
1265,2024-03-13,2024,1,3,11,Wednesday
1266,2024-03-14,2024,1,3,11,Thursday
1267,2024-03-15,2024,1,3,11,Friday
1268,2024-03-16,2024,1,3,11,Saturday
1269,2024-03-17,2024,1,3,11,Sunday
1270,2024-03-18,2024,1,3,12,Monday
1271,2024-03-19,2024,1,3,12,Tuesday
1272,2024-03-20,2024,1,3,12,Wednesday
1273,2024-03-21,2024,1,3,12,Thursday
1274,2024-03-22,2024,1,3,12,Friday
1275,2024-03-23,2024,1,3,12,Saturday
1276,2024-03-24,2024,1,3,12,Sunday
1277,2024-03-25,2024,1,3,13,Monday
1278,2024-03-26,2024,1,3,13,Tuesday
1279,2024-03-27,2024,1,3,13,Wednesday
1280,2024-03-28,2024,1,3,13,Thursday
1281,2024-03-29,2024,1,3,13,Friday
1282,2024-03-30,2024,1,3,13,Saturday
1283,2024-03-31,2024,1,3,13,Sunday
1284,2024-04-01,2024,2,4,14,Monday
1285,2024-04-02,2024,2,4,14,Tuesday
1286,2024-04-03,2024,2,4,14,Wednesday
1287,2024-04-04,2024,2,4,14,Thursday
1288,2024-04-05,2024,2,4,14,Friday
1289,2024-04-06,2024,2,4,14,Saturday
1290,2024-04-07,2024,2,4,14,Sunday
1291,2024-04-08,2024,2,4,15,Monday
1292,2024-04-09,2024,2,4,15,Tuesday
1293,2024-04-10,2024,2,4,15,Wednesday
1294,2024-04-11,2024,2,4,15,Thursday
1295,2024-04-12,2024,2,4,15,Friday
1296,2024-04-13,2024,2,4,15,Saturday
1297,2024-04-14,2024,2,4,15,Sunday
1298,2024-04-15,2024,2,4,16,Monday
1299,2024-04-16,2024,2,4,16,Tuesday
1300,2024-04-17,2024,2,4,16,Wednesday
1301,2024-04-18,2024,2,4,16,Thursday
1302,2024-04-19,2024,2,4,16,Friday
1303,2024-04-20,2024,2,4,16,Saturday
1304,2024-04-21,2024,2,4,16,Sunday
1305,2024-04-22,2024,2,4,17,Monday
1306,2024-04-23,2024,2,4,17,Tuesday
1307,2024-04-24,2024,2,4,17,Wednesday
1308,2024-04-25,2024,2,4,17,Thursday
1309,2024-04-26,2024,2,4,17,Friday
1310,2024-04-27,2024,2,4,17,Saturday
1311,2024-04-28,2024,2,4,17,Sunday
1312,2024-04-29,2024,2,4,18,Monday
1313,2024-04-30,2024,2,4,18,Tuesday
1314,2024-05-01,2024,2,5,18,Wednesday
1315,2024-05-02,2024,2,5,18,Thursday
1316,2024-05-03,2024,2,5,18,Friday
1317,2024-05-04,2024,2,5,18,Saturday
1318,2024-05-05,2024,2,5,18,Sunday
1319,2024-05-06,2024,2,5,19,Monday
1320,2024-05-07,2024,2,5,19,Tuesday
1321,2024-05-08,2024,2,5,19,Wednesday
1322,2024-05-09,2024,2,5,19,Thursday
1323,2024-05-10,2024,2,5,19,Friday
1324,2024-05-11,2024,2,5,19,Saturday
1325,2024-05-12,2024,2,5,19,Sunday
1326,2024-05-13,2024,2,5,20,Monday
1327,2024-05-14,2024,2,5,20,Tuesday
1328,2024-05-15,2024,2,5,20,Wednesday
1329,2024-05-16,2024,2,5,20,Thursday
1330,2024-05-17,2024,2,5,20,Friday
1331,2024-05-18,2024,2,5,20,Saturday
1332,2024-05-19,2024,2,5,20,Sunday
1333,2024-05-20,2024,2,5,21,Monday
1334,2024-05-21,2024,2,5,21,Tuesday
1335,2024-05-22,2024,2,5,21,Wednesday
1336,2024-05-23,2024,2,5,21,Thursday
1337,2024-05-24,2024,2,5,21,Friday
1338,2024-05-25,2024,2,5,21,Saturday
1339,2024-05-26,2024,2,5,21,Sunday
1340,2024-05-27,2024,2,5,22,Monday
1341,2024-05-28,2024,2,5,22,Tuesday
1342,2024-05-29,2024,2,5,22,Wednesday
1343,2024-05-30,2024,2,5,22,Thursday
1344,2024-05-31,2024,2,5,22,Friday
1345,2024-06-01,2024,2,6,22,Saturday
1346,2024-06-02,2024,2,6,22,Sunday
1347,2024-06-03,2024,2,6,23,Monday
1348,2024-06-04,2024,2,6,23,Tuesday
1349,2024-06-05,2024,2,6,23,Wednesday
1350,2024-06-06,2024,2,6,23,Thursday
1351,2024-06-07,2024,2,6,23,Friday
1352,2024-06-08,2024,2,6,23,Saturday
1353,2024-06-09,2024,2,6,23,Sunday
1354,2024-06-10,2024,2,6,24,Monday
1355,2024-06-11,2024,2,6,24,Tuesday
1356,2024-06-12,2024,2,6,24,Wednesday
1357,2024-06-13,2024,2,6,24,Thursday
1358,2024-06-14,2024,2,6,24,Friday
1359,2024-06-15,2024,2,6,24,Saturday
1360,2024-06-16,2024,2,6,24,Sunday
1361,2024-06-17,2024,2,6,25,Monday
1362,2024-06-18,2024,2,6,25,Tuesday
1363,2024-06-19,2024,2,6,25,Wednesday
1364,2024-06-20,2024,2,6,25,Thursday
1365,2024-06-21,2024,2,6,25,Friday
1366,2024-06-22,2024,2,6,25,Saturday
1367,2024-06-23,2024,2,6,25,Sunday
1368,2024-06-24,2024,2,6,26,Monday
1369,2024-06-25,2024,2,6,26,Tuesday
1370,2024-06-26,2024,2,6,26,Wednesday
1371,2024-06-27,2024,2,6,26,Thursday
1372,2024-06-28,2024,2,6,26,Friday
1373,2024-06-29,2024,2,6,26,Saturday
1374,2024-06-30,2024,2,6,26,Sunday
1375,2024-07-01,2024,3,7,27,Monday
1376,2024-07-02,2024,3,7,27,Tuesday
1377,2024-07-03,2024,3,7,27,Wednesday
1378,2024-07-04,2024,3,7,27,Thursday
1379,2024-07-05,2024,3,7,27,Friday
1380,2024-07-06,2024,3,7,27,Saturday
1381,2024-07-07,2024,3,7,27,Sunday
1382,2024-07-08,2024,3,7,28,Monday
1383,2024-07-09,2024,3,7,28,Tuesday
1384,2024-07-10,2024,3,7,28,Wednesday
1385,2024-07-11,2024,3,7,28,Thursday
1386,2024-07-12,2024,3,7,28,Friday
1387,2024-07-13,2024,3,7,28,Saturday
1388,2024-07-14,2024,3,7,28,Sunday
1389,2024-07-15,2024,3,7,29,Monday
1390,2024-07-16,2024,3,7,29,Tuesday
1391,2024-07-17,2024,3,7,29,Wednesday
1392,2024-07-18,2024,3,7,29,Thursday
1393,2024-07-19,2024,3,7,29,Friday
1394,2024-07-20,2024,3,7,29,Saturday
1395,2024-07-21,2024,3,7,29,Sunday
1396,2024-07-22,2024,3,7,30,Monday
1397,2024-07-23,2024,3,7,30,Tuesday
1398,2024-07-24,2024,3,7,30,Wednesday
1399,2024-07-25,2024,3,7,30,Thursday
1400,2024-07-26,2024,3,7,30,Friday
1401,2024-07-27,2024,3,7,30,Saturday
1402,2024-07-28,2024,3,7,30,Sunday
1403,2024-07-29,2024,3,7,31,Monday
1404,2024-07-30,2024,3,7,31,Tuesday
1405,2024-07-31,2024,3,7,31,Wednesday
1406,2024-08-01,2024,3,8,31,Thursday
1407,2024-08-02,2024,3,8,31,Friday
1408,2024-08-03,2024,3,8,31,Saturday
1409,2024-08-04,2024,3,8,31,Sunday
1410,2024-08-05,2024,3,8,32,Monday
1411,2024-08-06,2024,3,8,32,Tuesday
1412,2024-08-07,2024,3,8,32,Wednesday
1413,2024-08-08,2024,3,8,32,Thursday
1414,2024-08-09,2024,3,8,32,Friday
1415,2024-08-10,2024,3,8,32,Saturday
1416,2024-08-11,2024,3,8,32,Sunday
1417,2024-08-12,2024,3,8,33,Monday
1418,2024-08-13,2024,3,8,33,Tuesday
1419,2024-08-14,2024,3,8,33,Wednesday
1420,2024-08-15,2024,3,8,33,Thursday
1421,2024-08-16,2024,3,8,33,Friday
1422,2024-08-17,2024,3,8,33,Saturday
1423,2024-08-18,2024,3,8,33,Sunday
1424,2024-08-19,2024,3,8,34,Monday
1425,2024-08-20,2024,3,8,34,Tuesday
1426,2024-08-21,2024,3,8,34,Wednesday
1427,2024-08-22,2024,3,8,34,Thursday
1428,2024-08-23,2024,3,8,34,Friday
1429,2024-08-24,2024,3,8,34,Saturday
1430,2024-08-25,2024,3,8,34,Sunday
1431,2024-08-26,2024,3,8,35,Monday
1432,2024-08-27,2024,3,8,35,Tuesday
1433,2024-08-28,2024,3,8,35,Wednesday
1434,2024-08-29,2024,3,8,35,Thursday
1435,2024-08-30,2024,3,8,35,Friday
1436,2024-08-31,2024,3,8,35,Saturday
1437,2024-09-01,2024,3,9,35,Sunday
1438,2024-09-02,2024,3,9,36,Monday
1439,2024-09-03,2024,3,9,36,Tuesday
1440,2024-09-04,2024,3,9,36,Wednesday
1441,2024-09-05,2024,3,9,36,Thursday
1442,2024-09-06,2024,3,9,36,Friday
1443,2024-09-07,2024,3,9,36,Saturday
1444,2024-09-08,2024,3,9,36,Sunday
1445,2024-09-09,2024,3,9,37,Monday
1446,2024-09-10,2024,3,9,37,Tuesday
1447,2024-09-11,2024,3,9,37,Wednesday
1448,2024-09-12,2024,3,9,37,Thursday
1449,2024-09-13,2024,3,9,37,Friday
1450,2024-09-14,2024,3,9,37,Saturday
1451,2024-09-15,2024,3,9,37,Sunday
1452,2024-09-16,2024,3,9,38,Monday
1453,2024-09-17,2024,3,9,38,Tuesday
1454,2024-09-18,2024,3,9,38,Wednesday
1455,2024-09-19,2024,3,9,38,Thursday
1456,2024-09-20,2024,3,9,38,Friday
1457,2024-09-21,2024,3,9,38,Saturday
1458,2024-09-22,2024,3,9,38,Sunday
1459,2024-09-23,2024,3,9,39,Monday
1460,2024-09-24,2024,3,9,39,Tuesday
1461,2024-09-25,2024,3,9,39,Wednesday
1462,2024-09-26,2024,3,9,39,Thursday
1463,2024-09-27,2024,3,9,39,Friday
1464,2024-09-28,2024,3,9,39,Saturday
1465,2024-09-29,2024,3,9,39,Sunday
1466,2024-09-30,2024,3,9,40,Monday
1467,2024-10-01,2024,4,10,40,Tuesday
1468,2024-10-02,2024,4,10,40,Wednesday
1469,2024-10-03,2024,4,10,40,Thursday
1470,2024-10-04,2024,4,10,40,Friday
1471,2024-10-05,2024,4,10,40,Saturday
1472,2024-10-06,2024,4,10,40,Sunday
1473,2024-10-07,2024,4,10,41,Monday
1474,2024-10-08,2024,4,10,41,Tuesday
1475,2024-10-09,2024,4,10,41,Wednesday
1476,2024-10-10,2024,4,10,41,Thursday
1477,2024-10-11,2024,4,10,41,Friday
1478,2024-10-12,2024,4,10,41,Saturday
1479,2024-10-13,2024,4,10,41,Sunday
1480,2024-10-14,2024,4,10,42,Monday
1481,2024-10-15,2024,4,10,42,Tuesday
1482,2024-10-16,2024,4,10,42,Wednesday
1483,2024-10-17,2024,4,10,42,Thursday
1484,2024-10-18,2024,4,10,42,Friday
1485,2024-10-19,2024,4,10,42,Saturday
1486,2024-10-20,2024,4,10,42,Sunday
1487,2024-10-21,2024,4,10,43,Monday
1488,2024-10-22,2024,4,10,43,Tuesday
1489,2024-10-23,2024,4,10,43,Wednesday
1490,2024-10-24,2024,4,10,43,Thursday
1491,2024-10-25,2024,4,10,43,Friday
1492,2024-10-26,2024,4,10,43,Saturday
1493,2024-10-27,2024,4,10,43,Sunday
1494,2024-10-28,2024,4,10,44,Monday
1495,2024-10-29,2024,4,10,44,Tuesday
1496,2024-10-30,2024,4,10,44,Wednesday
1497,2024-10-31,2024,4,10,44,Thursday
1498,2024-11-01,2024,4,11,44,Friday
1499,2024-11-02,2024,4,11,44,Saturday
1500,2024-11-03,2024,4,11,44,Sunday
1501,2024-11-04,2024,4,11,45,Monday
1502,2024-11-05,2024,4,11,45,Tuesday
1503,2024-11-06,2024,4,11,45,Wednesday
1504,2024-11-07,2024,4,11,45,Thursday
1505,2024-11-08,2024,4,11,45,Friday
1506,2024-11-09,2024,4,11,45,Saturday
1507,2024-11-10,2024,4,11,45,Sunday
1508,2024-11-11,2024,4,11,46,Monday
1509,2024-11-12,2024,4,11,46,Tuesday
1510,2024-11-13,2024,4,11,46,Wednesday
1511,2024-11-14,2024,4,11,46,Thursday
1512,2024-11-15,2024,4,11,46,Friday
1513,2024-11-16,2024,4,11,46,Saturday
1514,2024-11-17,2024,4,11,46,Sunday
1515,2024-11-18,2024,4,11,47,Monday
1516,2024-11-19,2024,4,11,47,Tuesday
1517,2024-11-20,2024,4,11,47,Wednesday
1518,2024-11-21,2024,4,11,47,Thursday
1519,2024-11-22,2024,4,11,47,Friday
1520,2024-11-23,2024,4,11,47,Saturday
1521,2024-11-24,2024,4,11,47,Sunday
1522,2024-11-25,2024,4,11,48,Monday
1523,2024-11-26,2024,4,11,48,Tuesday
1524,2024-11-27,2024,4,11,48,Wednesday
1525,2024-11-28,2024,4,11,48,Thursday
1526,2024-11-29,2024,4,11,48,Friday
1527,2024-11-30,2024,4,11,48,Saturday
1528,2024-12-01,2024,4,12,48,Sunday
1529,2024-12-02,2024,4,12,49,Monday
1530,2024-12-03,2024,4,12,49,Tuesday
1531,2024-12-04,2024,4,12,49,Wednesday
1532,2024-12-05,2024,4,12,49,Thursday
1533,2024-12-06,2024,4,12,49,Friday
1534,2024-12-07,2024,4,12,49,Saturday
1535,2024-12-08,2024,4,12,49,Sunday
1536,2024-12-09,2024,4,12,50,Monday
1537,2024-12-10,2024,4,12,50,Tuesday
1538,2024-12-11,2024,4,12,50,Wednesday
1539,2024-12-12,2024,4,12,50,Thursday
1540,2024-12-13,2024,4,12,50,Friday
1541,2024-12-14,2024,4,12,50,Saturday
1542,2024-12-15,2024,4,12,50,Sunday
1543,2024-12-16,2024,4,12,51,Monday
1544,2024-12-17,2024,4,12,51,Tuesday
1545,2024-12-18,2024,4,12,51,Wednesday
1546,2024-12-19,2024,4,12,51,Thursday
1547,2024-12-20,2024,4,12,51,Friday
1548,2024-12-21,2024,4,12,51,Saturday
1549,2024-12-22,2024,4,12,51,Sunday
1550,2024-12-23,2024,4,12,52,Monday
1551,2024-12-24,2024,4,12,52,Tuesday
1552,2024-12-25,2024,4,12,52,Wednesday
1553,2024-12-26,2024,4,12,52,Thursday
1554,2024-12-27,2024,4,12,52,Friday
1555,2024-12-28,2024,4,12,52,Saturday
1556,2024-12-29,2024,4,12,52,Sunday
1557,2024-12-30,2024,4,12,1,Monday
1558,2024-12-31,2024,4,12,1,Tuesday
1559,2025-01-01,2025,1,1,1,Wednesday
1560,2025-01-02,2025,1,1,1,Thursday
1561,2025-01-03,2025,1,1,1,Friday
1562,2025-01-04,2025,1,1,1,Saturday
1563,2025-01-05,2025,1,1,1,Sunday
1564,2025-01-06,2025,1,1,2,Monday
1565,2025-01-07,2025,1,1,2,Tuesday
1566,2025-01-08,2025,1,1,2,Wednesday
1567,2025-01-09,2025,1,1,2,Thursday
1568,2025-01-10,2025,1,1,2,Friday
1569,2025-01-11,2025,1,1,2,Saturday
1570,2025-01-12,2025,1,1,2,Sunday
1571,2025-01-13,2025,1,1,3,Monday
1572,2025-01-14,2025,1,1,3,Tuesday
1573,2025-01-15,2025,1,1,3,Wednesday
1574,2025-01-16,2025,1,1,3,Thursday
1575,2025-01-17,2025,1,1,3,Friday
1576,2025-01-18,2025,1,1,3,Saturday
1577,2025-01-19,2025,1,1,3,Sunday
1578,2025-01-20,2025,1,1,4,Monday
1579,2025-01-21,2025,1,1,4,Tuesday
1580,2025-01-22,2025,1,1,4,Wednesday
1581,2025-01-23,2025,1,1,4,Thursday
1582,2025-01-24,2025,1,1,4,Friday
1583,2025-01-25,2025,1,1,4,Saturday
1584,2025-01-26,2025,1,1,4,Sunday
1585,2025-01-27,2025,1,1,5,Monday
1586,2025-01-28,2025,1,1,5,Tuesday
1587,2025-01-29,2025,1,1,5,Wednesday
1588,2025-01-30,2025,1,1,5,Thursday
1589,2025-01-31,2025,1,1,5,Friday
1590,2025-02-01,2025,1,2,5,Saturday
1591,2025-02-02,2025,1,2,5,Sunday
1592,2025-02-03,2025,1,2,6,Monday
1593,2025-02-04,2025,1,2,6,Tuesday
1594,2025-02-05,2025,1,2,6,Wednesday
1595,2025-02-06,2025,1,2,6,Thursday
1596,2025-02-07,2025,1,2,6,Friday
1597,2025-02-08,2025,1,2,6,Saturday
1598,2025-02-09,2025,1,2,6,Sunday
1599,2025-02-10,2025,1,2,7,Monday
1600,2025-02-11,2025,1,2,7,Tuesday
1601,2025-02-12,2025,1,2,7,Wednesday
1602,2025-02-13,2025,1,2,7,Thursday
1603,2025-02-14,2025,1,2,7,Friday
1604,2025-02-15,2025,1,2,7,Saturday
1605,2025-02-16,2025,1,2,7,Sunday
1606,2025-02-17,2025,1,2,8,Monday
1607,2025-02-18,2025,1,2,8,Tuesday
1608,2025-02-19,2025,1,2,8,Wednesday
1609,2025-02-20,2025,1,2,8,Thursday
1610,2025-02-21,2025,1,2,8,Friday
1611,2025-02-22,2025,1,2,8,Saturday
1612,2025-02-23,2025,1,2,8,Sunday
1613,2025-02-24,2025,1,2,9,Monday
1614,2025-02-25,2025,1,2,9,Tuesday
1615,2025-02-26,2025,1,2,9,Wednesday
1616,2025-02-27,2025,1,2,9,Thursday
1617,2025-02-28,2025,1,2,9,Friday
1618,2025-03-01,2025,1,3,9,Saturday
1619,2025-03-02,2025,1,3,9,Sunday
1620,2025-03-03,2025,1,3,10,Monday
1621,2025-03-04,2025,1,3,10,Tuesday
1622,2025-03-05,2025,1,3,10,Wednesday
1623,2025-03-06,2025,1,3,10,Thursday
1624,2025-03-07,2025,1,3,10,Friday
1625,2025-03-08,2025,1,3,10,Saturday
1626,2025-03-09,2025,1,3,10,Sunday
1627,2025-03-10,2025,1,3,11,Monday
1628,2025-03-11,2025,1,3,11,Tuesday
1629,2025-03-12,2025,1,3,11,Wednesday
1630,2025-03-13,2025,1,3,11,Thursday
1631,2025-03-14,2025,1,3,11,Friday
1632,2025-03-15,2025,1,3,11,Saturday
1633,2025-03-16,2025,1,3,11,Sunday
1634,2025-03-17,2025,1,3,12,Monday
1635,2025-03-18,2025,1,3,12,Tuesday
1636,2025-03-19,2025,1,3,12,Wednesday
1637,2025-03-20,2025,1,3,12,Thursday
1638,2025-03-21,2025,1,3,12,Friday
1639,2025-03-22,2025,1,3,12,Saturday
1640,2025-03-23,2025,1,3,12,Sunday
1641,2025-03-24,2025,1,3,13,Monday
1642,2025-03-25,2025,1,3,13,Tuesday
1643,2025-03-26,2025,1,3,13,Wednesday
1644,2025-03-27,2025,1,3,13,Thursday
1645,2025-03-28,2025,1,3,13,Friday
1646,2025-03-29,2025,1,3,13,Saturday
1647,2025-03-30,2025,1,3,13,Sunday
1648,2025-03-31,2025,1,3,14,Monday
1649,2025-04-01,2025,2,4,14,Tuesday
1650,2025-04-02,2025,2,4,14,Wednesday
1651,2025-04-03,2025,2,4,14,Thursday
1652,2025-04-04,2025,2,4,14,Friday
1653,2025-04-05,2025,2,4,14,Saturday
1654,2025-04-06,2025,2,4,14,Sunday
1655,2025-04-07,2025,2,4,15,Monday
1656,2025-04-08,2025,2,4,15,Tuesday
1657,2025-04-09,2025,2,4,15,Wednesday
1658,2025-04-10,2025,2,4,15,Thursday
1659,2025-04-11,2025,2,4,15,Friday
1660,2025-04-12,2025,2,4,15,Saturday
1661,2025-04-13,2025,2,4,15,Sunday
1662,2025-04-14,2025,2,4,16,Monday
1663,2025-04-15,2025,2,4,16,Tuesday
1664,2025-04-16,2025,2,4,16,Wednesday
1665,2025-04-17,2025,2,4,16,Thursday
1666,2025-04-18,2025,2,4,16,Friday
1667,2025-04-19,2025,2,4,16,Saturday
1668,2025-04-20,2025,2,4,16,Sunday
1669,2025-04-21,2025,2,4,17,Monday
1670,2025-04-22,2025,2,4,17,Tuesday
1671,2025-04-23,2025,2,4,17,Wednesday
1672,2025-04-24,2025,2,4,17,Thursday
1673,2025-04-25,2025,2,4,17,Friday
1674,2025-04-26,2025,2,4,17,Saturday
1675,2025-04-27,2025,2,4,17,Sunday
1676,2025-04-28,2025,2,4,18,Monday
1677,2025-04-29,2025,2,4,18,Tuesday
1678,2025-04-30,2025,2,4,18,Wednesday
1679,2025-05-01,2025,2,5,18,Thursday
1680,2025-05-02,2025,2,5,18,Friday
1681,2025-05-03,2025,2,5,18,Saturday
1682,2025-05-04,2025,2,5,18,Sunday
1683,2025-05-05,2025,2,5,19,Monday
1684,2025-05-06,2025,2,5,19,Tuesday
1685,2025-05-07,2025,2,5,19,Wednesday
1686,2025-05-08,2025,2,5,19,Thursday
1687,2025-05-09,2025,2,5,19,Friday
1688,2025-05-10,2025,2,5,19,Saturday
1689,2025-05-11,2025,2,5,19,Sunday
1690,2025-05-12,2025,2,5,20,Monday
1691,2025-05-13,2025,2,5,20,Tuesday
1692,2025-05-14,2025,2,5,20,Wednesday
1693,2025-05-15,2025,2,5,20,Thursday
1694,2025-05-16,2025,2,5,20,Friday
1695,2025-05-17,2025,2,5,20,Saturday
1696,2025-05-18,2025,2,5,20,Sunday
1697,2025-05-19,2025,2,5,21,Monday
1698,2025-05-20,2025,2,5,21,Tuesday
1699,2025-05-21,2025,2,5,21,Wednesday
1700,2025-05-22,2025,2,5,21,Thursday
1701,2025-05-23,2025,2,5,21,Friday
1702,2025-05-24,2025,2,5,21,Saturday
1703,2025-05-25,2025,2,5,21,Sunday
1704,2025-05-26,2025,2,5,22,Monday
1705,2025-05-27,2025,2,5,22,Tuesday
1706,2025-05-28,2025,2,5,22,Wednesday
1707,2025-05-29,2025,2,5,22,Thursday
1708,2025-05-30,2025,2,5,22,Friday
1709,2025-05-31,2025,2,5,22,Saturday
1710,2025-06-01,2025,2,6,22,Sunday
1711,2025-06-02,2025,2,6,23,Monday
1712,2025-06-03,2025,2,6,23,Tuesday
1713,2025-06-04,2025,2,6,23,Wednesday
1714,2025-06-05,2025,2,6,23,Thursday
1715,2025-06-06,2025,2,6,23,Friday
1716,2025-06-07,2025,2,6,23,Saturday
1717,2025-06-08,2025,2,6,23,Sunday
1718,2025-06-09,2025,2,6,24,Monday
1719,2025-06-10,2025,2,6,24,Tuesday
1720,2025-06-11,2025,2,6,24,Wednesday
1721,2025-06-12,2025,2,6,24,Thursday
1722,2025-06-13,2025,2,6,24,Friday
1723,2025-06-14,2025,2,6,24,Saturday
1724,2025-06-15,2025,2,6,24,Sunday
1725,2025-06-16,2025,2,6,25,Monday
1726,2025-06-17,2025,2,6,25,Tuesday
1727,2025-06-18,2025,2,6,25,Wednesday
1728,2025-06-19,2025,2,6,25,Thursday
1729,2025-06-20,2025,2,6,25,Friday
1730,2025-06-21,2025,2,6,25,Saturday
1731,2025-06-22,2025,2,6,25,Sunday
1732,2025-06-23,2025,2,6,26,Monday
1733,2025-06-24,2025,2,6,26,Tuesday
1734,2025-06-25,2025,2,6,26,Wednesday
1735,2025-06-26,2025,2,6,26,Thursday
1736,2025-06-27,2025,2,6,26,Friday
1737,2025-06-28,2025,2,6,26,Saturday
1738,2025-06-29,2025,2,6,26,Sunday
1739,2025-06-30,2025,2,6,27,Monday
1740,2025-07-01,2025,3,7,27,Tuesday
1741,2025-07-02,2025,3,7,27,Wednesday
1742,2025-07-03,2025,3,7,27,Thursday
1743,2025-07-04,2025,3,7,27,Friday
1744,2025-07-05,2025,3,7,27,Saturday
1745,2025-07-06,2025,3,7,27,Sunday
1746,2025-07-07,2025,3,7,28,Monday
1747,2025-07-08,2025,3,7,28,Tuesday
1748,2025-07-09,2025,3,7,28,Wednesday
1749,2025-07-10,2025,3,7,28,Thursday
1750,2025-07-11,2025,3,7,28,Friday
1751,2025-07-12,2025,3,7,28,Saturday
1752,2025-07-13,2025,3,7,28,Sunday
1753,2025-07-14,2025,3,7,29,Monday
1754,2025-07-15,2025,3,7,29,Tuesday
1755,2025-07-16,2025,3,7,29,Wednesday
1756,2025-07-17,2025,3,7,29,Thursday
1757,2025-07-18,2025,3,7,29,Friday
1758,2025-07-19,2025,3,7,29,Saturday
1759,2025-07-20,2025,3,7,29,Sunday
1760,2025-07-21,2025,3,7,30,Monday
1761,2025-07-22,2025,3,7,30,Tuesday
1762,2025-07-23,2025,3,7,30,Wednesday
1763,2025-07-24,2025,3,7,30,Thursday
1764,2025-07-25,2025,3,7,30,Friday
1765,2025-07-26,2025,3,7,30,Saturday
1766,2025-07-27,2025,3,7,30,Sunday
1767,2025-07-28,2025,3,7,31,Monday
1768,2025-07-29,2025,3,7,31,Tuesday
1769,2025-07-30,2025,3,7,31,Wednesday
1770,2025-07-31,2025,3,7,31,Thursday
1771,2025-08-01,2025,3,8,31,Friday
1772,2025-08-02,2025,3,8,31,Saturday
1773,2025-08-03,2025,3,8,31,Sunday
1774,2025-08-04,2025,3,8,32,Monday
1775,2025-08-05,2025,3,8,32,Tuesday
1776,2025-08-06,2025,3,8,32,Wednesday
1777,2025-08-07,2025,3,8,32,Thursday
1778,2025-08-08,2025,3,8,32,Friday
1779,2025-08-09,2025,3,8,32,Saturday
1780,2025-08-10,2025,3,8,32,Sunday
1781,2025-08-11,2025,3,8,33,Monday
1782,2025-08-12,2025,3,8,33,Tuesday
1783,2025-08-13,2025,3,8,33,Wednesday
1784,2025-08-14,2025,3,8,33,Thursday
1785,2025-08-15,2025,3,8,33,Friday
1786,2025-08-16,2025,3,8,33,Saturday
1787,2025-08-17,2025,3,8,33,Sunday
1788,2025-08-18,2025,3,8,34,Monday
1789,2025-08-19,2025,3,8,34,Tuesday
1790,2025-08-20,2025,3,8,34,Wednesday
1791,2025-08-21,2025,3,8,34,Thursday
1792,2025-08-22,2025,3,8,34,Friday
1793,2025-08-23,2025,3,8,34,Saturday
1794,2025-08-24,2025,3,8,34,Sunday
1795,2025-08-25,2025,3,8,35,Monday
1796,2025-08-26,2025,3,8,35,Tuesday
1797,2025-08-27,2025,3,8,35,Wednesday
1798,2025-08-28,2025,3,8,35,Thursday
1799,2025-08-29,2025,3,8,35,Friday
1800,2025-08-30,2025,3,8,35,Saturday
1801,2025-08-31,2025,3,8,35,Sunday
1802,2025-09-01,2025,3,9,36,Monday
1803,2025-09-02,2025,3,9,36,Tuesday
1804,2025-09-03,2025,3,9,36,Wednesday
1805,2025-09-04,2025,3,9,36,Thursday
1806,2025-09-05,2025,3,9,36,Friday
1807,2025-09-06,2025,3,9,36,Saturday
1808,2025-09-07,2025,3,9,36,Sunday
1809,2025-09-08,2025,3,9,37,Monday
1810,2025-09-09,2025,3,9,37,Tuesday
1811,2025-09-10,2025,3,9,37,Wednesday
1812,2025-09-11,2025,3,9,37,Thursday
1813,2025-09-12,2025,3,9,37,Friday
1814,2025-09-13,2025,3,9,37,Saturday
1815,2025-09-14,2025,3,9,37,Sunday
1816,2025-09-15,2025,3,9,38,Monday
1817,2025-09-16,2025,3,9,38,Tuesday
1818,2025-09-17,2025,3,9,38,Wednesday
1819,2025-09-18,2025,3,9,38,Thursday
1820,2025-09-19,2025,3,9,38,Friday
1821,2025-09-20,2025,3,9,38,Saturday
1822,2025-09-21,2025,3,9,38,Sunday
1823,2025-09-22,2025,3,9,39,Monday
1824,2025-09-23,2025,3,9,39,Tuesday
1825,2025-09-24,2025,3,9,39,Wednesday
