order_id,date_id,customer_id,product_id,employee_id,shipper_id,quantity,unit_price,discount,total_amount
1,1352,16,18,3,9,9,873.71,0.15,6683.8815
2,434,18,25,12,7,5,405.0,0.1,1822.5
3,898,17,15,2,8,4,73.39,0.0,293.56
4,1205,18,8,10,8,1,80.28,0.0,80.28
5,469,3,29,1,11,2,519.01,0.1,934.218
6,1371,16,7,9,5,10,580.45,0.05,5514.275
7,1607,16,26,7,7,2,105.96,0.15,180.13199999999998
8,726,14,14,8,2,2,70.01,0.1,126.01800000000001
9,1640,4,8,4,7,9,454.13,0.15,3474.0945
10,376,9,15,4,3,8,809.94,0.0,6479.52
11,104,18,27,1,3,4,174.65,0.15,593.8100000000001
12,986,7,28,7,2,3,385.18,0.15,982.209
13,544,15,10,7,18,8,163.25,0.1,1175.4
14,446,2,19,12,18,1,750.5,0.0,750.5
15,103,19,16,9,17,3,66.31,0.0,198.93
16,1744,6,3,10,3,4,409.74,0.05,1557.012
17,1186,20,2,10,3,7,660.8,0.1,4163.04
18,535,7,22,12,11,4,272.96,0.05,1037.2479999999998
19,1376,10,15,6,3,1,463.7,0.0,463.7
20,151,18,7,9,9,3,933.93,0.0,2801.79
21,1801,8,12,5,6,8,835.41,0.1,6014.952
22,1253,17,1,11,18,5,932.44,0.0,4662.200000000001
23,1799,5,9,2,4,9,163.89,0.1,1327.5089999999998
24,1239,7,23,6,7,5,510.35,0.1,2296.5750000000003
25,1733,2,3,11,14,5,53.65,0.1,241.425
26,1580,5,21,5,6,8,556.16,0.15,3781.8879999999995
27,1149,1,4,2,5,9,45.67,0.1,369.927
28,1193,18,5,7,5,1,315.18,0.0,315.18
29,733,7,22,4,4,6,782.32,0.15,3989.832
30,1272,5,30,15,8,3,976.44,0.05,2782.854
31,1806,14,1,3,11,7,804.21,0.05,5347.9965
32,547,6,26,12,4,7,873.45,0.15,5197.0275
33,456,7,27,15,15,6,312.14,0.05,1779.1979999999999
34,457,1,22,4,13,6,285.82,0.0,1714.92
35,1584,9,12,11,17,7,682.72,0.1,4301.136
36,57,4,29,5,6,10,962.91,0.1,8666.19
37,79,4,20,7,12,6,442.03,0.0,2652.18
38,789,19,7,5,2,7,11.67,0.05,77.60549999999999
39,746,14,3,11,11,10,320.78,0.0,3207.7999999999997
40,1475,10,17,5,14,6,408.38,0.1,2205.252
41,1136,5,7,7,13,3,619.36,0.1,1672.272
42,832,18,27,1,10,5,218.08,0.1,981.3600000000001
43,953,15,15,11,7,9,478.45,0.05,4090.7475
44,1350,3,10,9,20,6,102.45,0.05,583.965
45,1378,10,8,13,7,3,34.18,0.05,97.41299999999998
46,974,20,28,13,3,8,420.3,0.05,3194.2799999999997
47,1472,13,16,7,8,3,659.5,0.0,1978.5
48,1538,4,25,7,8,3,806.07,0.15,2055.4785
49,103,18,8,15,4,8,142.01,0.15,965.6679999999999
50,1368,17,18,10,11,8,616.53,0.15,4192.4039999999995
51,1702,18,15,15,6,8,455.57,0.05,3462.332
52,1721,9,25,13,17,8,630.48,0.1,4539.456
53,901,3,23,5,8,5,342.49,0.0,1712.45
54,284,5,8,7,5,4,73.59,0.15,250.20600000000002
55,678,18,15,7,2,4,834.56,0.15,2837.504
56,1577,19,23,1,19,7,482.21,0.1,3037.923
57,612,13,28,15,14,9,750.04,0.05,6412.842
58,1000,8,9,7,16,1,394.97,0.15,335.72450000000003
59,1484,6,27,8,5,10,538.78,0.15,4579.629999999999
60,1213,19,22,1,3,7,144.34,0.15,858.823
61,373,2,9,7,11,4,460.15,0.1,1656.54
62,1559,13,9,13,14,5,836.56,0.15,3555.379999999999
63,40,18,2,6,8,2,783.42,0.0,1566.84
64,1545,1,8,4,1,10,160.86,0.05,1528.17
65,970,4,19,4,15,5,769.23,0.05,3653.8424999999997
66,1241,20,24,12,4,3,965.07,0.0,2895.21
67,1186,1,30,5,19,7,402.69,0.05,2677.8885
68,156,19,23,14,8,2,700.22,0.1,1260.3960000000002
69,1742,20,26,2,19,1,353.73,0.15,300.6705
70,1355,12,3,9,11,1,851.08,0.15,723.418
71,217,14,12,11,15,3,441.13,0.1,1191.051
72,1262,18,25,8,15,7,827.48,0.1,5213.124000000001
73,661,8,27,15,3,5,882.81,0.05,4193.347499999999
74,1537,15,19,10,13,6,38.41,0.1,207.414
75,373,16,7,6,9,6,286.86,0.1,1549.044
76,1139,1,17,4,3,4,722.87,0.15,2457.758
77,1138,8,23,8,16,8,795.0,0.0,6360.0
78,603,8,13,12,8,5,667.32,0.1,3002.9400000000005
79,970,18,17,6,14,9,337.48,0.15,2581.722
80,555,10,9,4,4,4,322.39,0.05,1225.0819999999999
81,393,7,24,8,9,10,976.84,0.1,8791.56
82,206,7,10,4,12,3,309.24,0.05,881.334
83,562,2,2,9,10,3,641.49,0.15,1635.7995
84,211,1,19,5,16,8,446.06,0.05,3390.056
85,106,9,28,8,4,2,406.7,0.0,813.4
86,1182,2,5,3,19,5,94.33,0.05,448.06749999999994
87,243,18,25,7,20,10,792.83,0.05,7531.885
88,1589,17,13,8,15,5,861.56,0.15,3661.629999999999
89,626,19,20,1,20,2,948.11,0.05,1801.4089999999999
90,1282,7,9,11,3,3,247.47,0.0,742.41
91,321,1,14,8,20,8,298.35,0.05,2267.46
92,591,10,23,14,15,2,690.51,0.1,1242.9180000000001
93,1614,19,22,13,7,7,123.63,0.05,822.1394999999999
94,1327,5,30,5,5,2,69.04,0.1,124.27200000000002
95,1219,19,30,5,15,2,474.01,0.1,853.218
96,1434,13,9,9,18,8,443.38,0.0,3547.04
97,1822,14,24,6,20,5,35.61,0.05,169.1475
98,1381,19,19,1,9,10,49.83,0.05,473.38499999999993
99,964,17,21,8,9,3,996.98,0.15,2542.299
100,1301,16,3,8,12,7,339.98,0.0,2379.86
101,1757,6,11,7,16,5,665.96,0.15,2830.33
102,1667,18,2,8,3,6,259.87,0.0,1559.22
103,1583,13,28,9,1,9,467.36,0.0,4206.24
104,385,17,12,10,16,8,762.39,0.05,5794.164
105,547,18,5,15,10,8,882.04,0.15,5997.871999999999
106,249,1,21,10,8,3,317.64,0.0,952.92
107,1132,14,3,4,4,8,947.59,0.05,7201.684
108,1021,10,17,12,9,7,836.38,0.15,4976.460999999999
109,500,15,18,3,13,4,922.65,0.05,3506.0699999999997
110,1770,3,9,13,14,6,934.91,0.1,5048.514
111,1681,1,10,12,10,10,584.12,0.15,4965.0199999999995
112,1773,5,15,9,16,6,339.12,0.15,1729.512
113,933,11,28,4,8,10,389.14,0.15,3307.6899999999996
114,90,11,24,8,13,7,988.53,0.05,6573.724499999999
115,1015,2,5,9,19,6,871.0,0.15,4442.099999999999
116,205,17,30,8,1,3,415.88,0.05,1185.2579999999998
117,154,16,26,5,11,10,695.78,0.0,6957.799999999999
118,1745,11,28,11,18,7,954.6,0.15,5679.87
119,1787,18,2,10,3,4,634.85,0.1,2285.46
120,466,3,14,2,4,8,174.7,0.1,1257.84
121,60,2,11,13,2,5,364.88,0.15,1550.74
122,299,8,17,7,19,3,178.28,0.0,534.84
123,1249,13,20,11,8,8,913.7,0.05,6944.12
124,476,15,21,5,15,5,670.17,0.15,2848.2225
125,590,18,6,2,15,6,987.78,0.1,5334.012000000001
126,1309,14,23,5,15,5,207.22,0.15,880.685
127,1748,16,4,4,13,10,365.37,0.1,3288.33
128,1433,10,1,14,13,5,18.02,0.0,90.1
129,1242,16,27,15,10,4,610.99,0.1,2199.5640000000003
130,449,7,20,5,5,2,904.37,0.0,1808.74
131,633,15,2,10,12,3,99.23,0.1,267.921
132,670,14,6,4,5,9,877.7,0.1,7109.37
133,1088,17,30,5,6,5,914.91,0.15,3888.3675
134,1652,10,24,14,11,2,473.65,0.0,947.3
135,289,8,28,11,13,9,372.12,0.15,2846.718
136,29,9,18,2,15,6,676.1,0.1,3650.9400000000005
137,1198,13,27,11,12,2,678.09,0.15,1152.753
138,52,20,29,9,11,10,229.15,0.0,2291.5
139,1302,15,30,12,10,7,125.51,0.0,878.57
140,77,10,16,2,4,4,888.39,0.05,3375.8819999999996
141,796,15,12,11,18,7,591.47,0.05,3933.2754999999997
142,1814,14,21,2,16,10,414.03,0.1,3726.2699999999995
143,68,12,7,8,15,4,856.9,0.0,3427.6
144,1405,12,18,15,12,1,404.16,0.05,383.952
145,251,15,3,11,7,10,971.38,0.0,9713.8
146,1612,11,8,3,19,4,77.92,0.05,296.096
147,1201,7,27,14,8,6,776.62,0.0,4659.72
148,568,5,5,9,9,3,118.83,0.0,356.49
149,270,1,12,13,8,10,330.53,0.05,3140.0349999999994
150,544,2,5,12,14,9,122.51,0.0,1102.5900000000001
151,976,15,25,6,17,10,117.96,0.05,1120.62
152,1260,2,24,13,17,5,463.46,0.0,2317.2999999999997
153,125,16,28,7,14,2,495.37,0.15,842.129
154,151,3,11,10,5,2,134.93,0.1,242.87400000000002
155,781,20,17,5,15,9,609.37,0.0,5484.33
156,1625,4,28,11,18,4,435.77,0.05,1655.926
157,848,11,27,8,13,7,732.32,0.1,4613.616000000001
158,875,11,22,5,12,3,689.95,0.15,1759.3725000000002
159,138,3,27,2,3,7,105.6,0.1,665.28
160,1663,5,18,1,19,9,566.07,0.0,5094.63
161,842,12,28,11,14,1,968.71,0.1,871.839
162,721,4,19,9,7,3,660.17,0.05,1881.4844999999998
163,1736,4,12,14,18,6,123.74,0.1,668.1959999999999
164,1176,8,26,7,18,10,617.44,0.0,6174.400000000001
165,1248,9,1,3,9,5,922.32,0.1,4150.4400000000005
166,13,6,28,3,19,7,78.89,0.0,552.23
167,188,17,7,7,14,8,347.49,0.1,2501.9280000000003
168,639,11,25,10,20,2,884.51,0.05,1680.569
169,323,20,2,11,3,5,448.68,0.15,1906.89
170,995,20,15,7,9,4,757.39,0.0,3029.56
171,707,14,4,5,19,8,531.66,0.1,3827.9519999999998
172,94,8,13,10,2,1,212.38,0.05,201.761
173,1572,5,25,5,10,6,128.78,0.15,656.778
174,1530,14,6,3,13,9,706.63,0.1,5723.703
175,148,13,28,12,2,7,28.55,0.0,199.85
176,1766,11,19,7,19,7,712.4,0.15,4238.78
177,593,4,13,1,11,3,803.31,0.15,2048.4404999999997
178,1704,12,3,7,4,4,441.32,0.15,1500.4879999999998
179,1074,3,13,14,10,6,229.36,0.05,1307.352
180,157,17,21,2,17,9,201.96,0.1,1635.8760000000002
181,720,5,8,2,5,5,205.3,0.05,975.175
182,1557,3,6,13,16,8,756.9,0.15,5146.92
183,1395,19,21,11,20,6,865.6,0.1,4674.240000000001
184,310,15,3,8,15,5,798.37,0.0,3991.85
185,721,17,3,5,15,8,47.23,0.1,340.056
186,1704,10,3,11,3,10,598.14,0.15,5084.19
187,948,19,18,13,2,8,909.96,0.05,6915.696
188,659,20,16,9,5,1,456.02,0.1,410.418
189,1463,3,17,11,6,1,255.27,0.15,216.9795
190,900,17,17,10,6,6,379.12,0.1,2047.2480000000003
191,794,14,25,6,20,1,791.33,0.1,712.197
192,135,11,4,9,13,5,259.48,0.05,1232.53
193,683,3,19,11,5,6,317.13,0.15,1617.3629999999998
194,265,20,23,2,10,9,382.91,0.1,3101.571
195,1666,5,22,12,17,2,649.56,0.15,1104.252
196,1042,12,1,6,10,3,951.66,0.1,2569.482
197,1570,16,7,4,5,3,86.39,0.0,259.17
198,1040,18,27,12,17,1,665.31,0.05,632.0445
199,1224,13,5,3,6,10,810.95,0.05,7704.025
200,1477,15,2,7,12,4,969.89,0.1,3491.604
201,1541,15,8,9,8,5,965.94,0.15,4105.245000000001
202,1711,7,12,11,19,8,467.06,0.1,3362.832
203,1594,13,17,9,14,3,818.72,0.05,2333.352
204,1788,9,2,11,16,6,559.0,0.0,3354.0
205,1457,17,28,2,10,2,765.49,0.1,1377.882
206,921,17,5,14,14,2,946.95,0.05,1799.205
207,1673,15,29,6,1,7,62.72,0.1,395.13599999999997
208,483,13,3,6,8,1,325.5,0.0,325.5
209,1719,11,26,3,5,1,294.01,0.15,249.90849999999998
210,1426,5,25,12,16,8,619.19,0.0,4953.52
211,39,9,7,14,5,9,940.82,0.15,7197.273000000001
212,228,10,8,5,4,1,246.06,0.15,209.151
213,129,4,27,15,16,10,540.69,0.05,5136.555
214,1472,5,10,7,1,10,359.29,0.15,3053.965
215,384,3,17,6,3,9,548.64,0.0,4937.76
216,800,16,2,11,13,6,261.11,0.0,1566.66
217,732,3,12,4,4,10,737.84,0.1,6640.56
218,274,2,12,9,11,3,832.08,0.15,2121.804
219,1425,16,21,3,5,2,718.88,0.15,1222.096
220,76,10,7,1,7,1,322.44,0.1,290.196
221,1056,13,27,9,16,5,46.25,0.05,219.6875
222,586,12,28,13,2,6,280.48,0.1,1514.592
223,895,13,24,8,13,6,973.99,0.15,4967.349
224,1418,16,12,15,17,5,803.14,0.15,3413.345
225,162,14,20,14,6,9,300.83,0.0,2707.47
226,164,11,22,5,10,8,606.6,0.15,4124.88
227,342,15,12,8,2,6,618.7,0.15,3155.3700000000003
228,563,2,3,11,13,6,517.96,0.05,2952.372
229,64,5,28,10,15,1,134.97,0.05,128.2215
230,1595,12,12,7,19,1,609.04,0.15,517.684
231,760,12,15,13,3,10,146.32,0.1,1316.8799999999999
232,816,11,21,5,8,2,35.65,0.05,67.735
233,1023,17,13,15,18,2,269.16,0.1,484.48800000000006
234,1442,15,7,10,10,8,208.18,0.05,1582.168
235,1747,3,15,3,15,2,812.41,0.1,1462.338
236,1368,12,23,2,18,9,297.46,0.1,2409.426
237,1744,6,23,12,6,6,513.67,0.0,3082.0199999999995
238,412,5,8,13,16,1,367.29,0.1,330.56100000000004
239,958,18,5,10,3,2,316.2,0.15,537.54
240,1077,14,25,7,19,2,134.07,0.1,241.326
241,1316,3,15,8,17,6,137.05,0.05,781.1850000000001
242,1573,5,14,9,2,2,522.92,0.1,941.256
243,338,6,11,15,8,6,948.01,0.1,5119.254
244,1733,3,9,4,18,5,133.92,0.1,602.64
245,1259,18,3,9,6,10,942.19,0.05,8950.805
246,351,20,24,15,20,6,844.1,0.0,5064.6
247,1691,1,3,1,19,5,654.62,0.15,2782.1349999999998
248,1266,1,16,15,18,5,645.49,0.1,2904.705
249,990,8,26,13,13,5,459.01,0.0,2295.05
250,324,15,14,8,15,4,346.79,0.05,1317.802
251,641,11,24,14,12,7,139.46,0.1,878.5980000000001
252,1055,18,4,6,8,8,131.3,0.15,892.84
253,508,5,4,1,10,7,865.52,0.15,5149.843999999999
254,509,6,27,6,19,6,197.94,0.05,1128.2579999999998
255,1021,17,15,8,10,8,32.94,0.15,223.992
256,1036,15,8,4,19,6,58.17,0.1,314.118
257,1014,20,29,14,16,5,541.32,0.0,2706.6000000000004
258,883,5,29,5,12,7,372.28,0.15,2215.066
259,105,19,18,4,12,9,295.72,0.15,2262.2580000000003
260,1033,15,25,9,9,10,683.59,0.0,6835.900000000001
261,264,4,13,6,11,9,939.56,0.05,8033.2379999999985
262,408,20,17,7,17,1,54.85,0.05,52.1075
263,1462,11,26,8,17,8,157.45,0.05,1196.62
264,672,20,11,3,13,10,741.93,0.1,6677.37
265,1216,11,17,14,17,9,494.95,0.1,4009.0950000000003
266,973,1,12,6,4,7,587.87,0.0,4115.09
267,1223,16,9,11,19,10,235.27,0.0,2352.7000000000003
268,1196,16,6,9,20,7,156.3,0.05,1039.395
269,65,19,23,2,7,1,446.63,0.15,379.6355
270,311,14,23,4,14,9,777.22,0.15,5945.733
271,1788,2,23,3,17,4,565.28,0.15,1921.9519999999998
272,1077,13,11,3,15,9,348.9,0.1,2826.09
273,1385,9,20,8,7,4,286.22,0.1,1030.392
274,461,10,25,5,7,8,323.87,0.1,2331.864
275,1148,9,10,2,19,9,385.9,0.15,2952.1349999999998
276,1677,12,25,13,5,5,51.65,0.0,258.25
277,710,15,21,5,16,4,210.05,0.1,756.1800000000001
278,1152,9,5,2,20,10,246.89,0.0,2468.8999999999996
279,1372,17,8,11,8,1,109.2,0.1,98.28
280,1470,16,4,11,5,1,964.87,0.05,916.6265
281,834,16,16,11,7,5,327.96,0.0,1639.8
282,1575,3,21,10,8,9,741.3,0.0,6671.7
283,359,14,29,14,6,1,997.2,0.15,847.62
284,1614,16,6,15,10,1,19.17,0.0,19.17
285,687,10,15,11,18,9,498.97,0.05,4266.1935
286,1743,17,15,5,7,2,337.38,0.15,573.5459999999999
287,1328,9,23,3,1,6,792.86,0.05,4519.302
288,360,20,28,11,13,7,520.13,0.0,3640.91
289,821,4,6,3,16,6,936.47,0.0,5618.82
290,535,13,8,8,9,6,308.93,0.0,1853.58
291,536,12,23,4,2,2,470.74,0.05,894.406
292,831,17,30,15,10,2,642.32,0.1,1156.1760000000002
293,753,20,8,4,5,8,161.65,0.1,1163.88
294,852,18,30,8,18,4,764.24,0.0,3056.96
295,1077,15,17,12,12,2,918.07,0.0,1836.14
296,127,18,29,9,7,10,541.29,0.05,5142.254999999999
297,672,17,15,2,7,10,493.94,0.15,4198.49
298,1657,2,15,3,17,7,462.23,0.0,3235.61
299,1145,15,22,13,10,1,401.99,0.0,401.99
300,1528,7,19,2,2,7,351.08,0.0,2457.56
301,1109,2,30,15,3,8,41.42,0.15,281.656
302,369,5,25,11,14,6,992.93,0.15,5063.943
303,919,13,13,2,18,3,657.0,0.1,1773.9
304,243,6,18,7,17,3,730.58,0.05,2082.1530000000002
305,1710,1,25,1,10,8,676.76,0.15,4601.968
306,1090,13,27,4,8,8,352.7,0.1,2539.44
307,387,4,2,13,14,10,768.39,0.0,7683.9
308,493,7,3,2,20,1,451.98,0.0,451.98
309,502,2,13,8,8,9,225.1,0.0,2025.8999999999999
310,287,17,10,4,19,6,581.7,0.1,3141.1800000000003
311,486,10,29,3,17,4,419.42,0.1,1509.912
312,125,18,19,15,6,7,560.29,0.0,3922.0299999999997
313,706,13,26,9,11,7,414.18,0.1,2609.3340000000003
314,771,6,25,9,16,4,850.85,0.1,3063.06
315,1757,5,26,8,2,9,418.55,0.15,3201.9075000000003
316,1142,17,5,7,8,5,211.3,0.0,1056.5
317,922,12,3,9,7,1,275.78,0.0,275.78
318,1790,3,7,13,19,9,224.85,0.05,1922.4674999999997
319,1781,11,10,15,1,4,937.79,0.0,3751.16
320,1530,16,30,4,20,4,402.67,0.05,1530.146
321,1131,11,25,5,13,8,538.31,0.1,3875.832
322,632,9,12,9,16,8,107.62,0.15,731.816
323,1560,11,30,4,12,6,419.79,0.05,2392.8030000000003
324,1519,5,1,5,18,10,583.35,0.15,4958.474999999999
325,605,5,7,6,8,7,574.09,0.05,3817.6985
326,1023,18,21,11,11,5,765.73,0.15,3254.3525
327,1482,16,15,3,12,3,148.56,0.15,378.828
328,377,18,21,1,17,1,840.68,0.0,840.68
329,1676,2,25,1,14,3,844.12,0.05,2405.742
330,140,5,1,4,17,8,379.47,0.15,2580.396
331,1351,16,1,1,18,9,417.23,0.0,3755.07
332,1085,9,18,5,1,9,815.03,0.15,6234.9794999999995
333,1652,6,4,15,4,9,157.41,0.05,1345.8555
334,1270,17,9,14,12,5,796.99,0.0,3984.95
335,765,13,15,10,8,4,306.97,0.0,1227.88
336,1339,2,3,7,13,7,557.17,0.0,3900.1899999999996
337,1305,1,23,3,3,8,846.88,0.1,6097.536
338,1159,4,29,9,2,4,219.3,0.15,745.62
339,556,2,30,2,9,9,567.87,0.0,5110.83
340,368,11,1,4,19,3,754.73,0.15,1924.5615
341,158,10,6,10,8,10,836.3,0.15,7108.55
342,1387,18,11,7,5,2,505.78,0.1,910.404
343,110,4,14,4,3,6,609.12,0.15,3106.512
344,1585,11,1,11,9,8,495.7,0.1,3569.04
345,1133,13,14,3,19,7,94.84,0.1,597.492
346,1635,8,23,2,3,5,162.68,0.05,772.73
347,1515,13,11,6,4,2,15.14,0.1,27.252000000000002
348,911,12,25,5,4,3,96.42,0.15,245.87099999999998
349,920,18,18,9,14,2,36.0,0.1,64.8
350,1136,3,20,10,11,7,22.22,0.15,132.209
351,795,3,24,15,18,4,576.24,0.05,2189.712
352,1404,13,6,3,9,5,275.72,0.05,1309.67
353,130,6,14,5,14,5,489.39,0.0,2446.95
354,740,9,8,12,16,10,620.5,0.15,5274.25
355,220,5,10,1,13,6,843.2,0.15,4300.320000000001
356,1647,11,15,6,14,10,144.76,0.1,1302.84
357,1236,7,16,6,6,7,969.04,0.1,6104.952
358,1506,16,19,13,8,6,382.29,0.15,1949.679
359,748,4,30,10,7,10,997.29,0.05,9474.255
360,1397,18,1,12,15,4,444.07,0.1,1598.652
361,1703,3,27,14,14,8,147.79,0.1,1064.088
362,496,9,22,3,14,7,83.23,0.15,495.2185
363,1193,13,18,9,14,9,46.4,0.1,375.84
364,1437,18,20,11,3,2,771.26,0.1,1388.268
365,341,20,2,10,13,6,966.06,0.15,4926.906
366,217,1,4,5,8,9,749.38,0.05,6407.199
367,913,12,13,8,19,9,159.24,0.0,1433.16
368,989,4,10,7,3,2,833.0,0.05,1582.6999999999998
369,714,10,11,8,7,9,488.1,0.15,3733.965
370,200,15,24,12,15,6,76.5,0.0,459.0
371,1660,4,1,14,11,2,680.37,0.05,1292.703
372,1517,8,17,3,18,3,337.68,0.15,861.084
373,947,8,26,7,6,3,644.07,0.15,1642.3785
374,811,1,24,10,7,8,596.28,0.15,4054.7039999999997
375,10,7,7,5,3,10,110.73,0.05,1051.935
376,750,11,7,8,4,5,673.99,0.15,2864.4575
377,1081,11,20,7,20,7,591.13,0.1,3724.119
378,721,15,20,3,10,10,594.27,0.05,5645.565
379,642,4,8,5,4,3,379.57,0.05,1081.7745
380,1047,13,14,10,5,10,389.87,0.05,3703.765
381,997,18,23,15,6,9,175.2,0.1,1419.12
382,288,6,11,14,15,10,63.08,0.1,567.72
383,20,16,5,4,13,9,510.38,0.15,3904.407
384,838,16,14,12,15,8,175.58,0.0,1404.64
385,1630,8,10,1,9,4,542.23,0.05,2060.474
386,1599,15,19,12,16,9,515.7,0.0,4641.3
387,549,18,27,6,18,1,762.4,0.15,648.04
388,1119,7,14,2,8,5,876.06,0.0,4380.299999999999
389,922,9,12,14,3,8,866.64,0.0,6933.12
390,1589,8,7,13,19,6,862.44,0.15,4398.444
391,340,20,5,13,7,4,807.39,0.1,2906.604
392,1091,9,20,9,6,6,979.21,0.1,5287.734
393,593,19,9,14,17,2,144.23,0.15,245.19099999999997
394,122,9,28,11,5,3,257.18,0.1,694.386
395,1697,8,25,14,13,8,150.75,0.1,1085.4
396,1286,14,13,8,3,2,408.82,0.1,735.876
397,1423,12,15,8,11,10,12.45,0.0,124.5
398,1497,15,21,11,12,2,797.72,0.15,1356.124
399,447,14,27,4,16,5,329.64,0.1,1483.3799999999999
400,692,18,19,3,19,8,790.42,0.0,6323.36
401,95,4,21,13,15,1,132.99,0.05,126.3405
402,904,15,1,7,7,3,883.33,0.1,2384.9910000000004
403,326,9,3,11,12,5,91.6,0.05,435.09999999999997
404,107,13,21,5,8,7,658.93,0.0,4612.509999999999
405,3,7,16,2,5,10,233.93,0.15,1988.4050000000002
406,20,1,23,6,4,7,697.09,0.15,4147.6855
407,146,8,13,2,4,2,320.22,0.1,576.3960000000001
408,281,13,25,14,5,3,77.73,0.0,233.19
409,1250,6,15,6,7,3,920.7,0.15,2347.7850000000003
410,1762,7,3,15,4,3,754.92,0.15,1925.0459999999998
411,720,14,11,13,5,4,284.2,0.0,1136.8
412,509,18,20,10,20,5,781.18,0.0,3905.8999999999996
413,1737,10,7,9,20,9,196.76,0.15,1505.214
414,606,2,26,15,8,8,392.03,0.05,2979.4279999999994
415,1024,20,3,9,1,6,934.59,0.05,5327.163
416,793,19,14,6,18,3,765.1,0.0,2295.3
417,35,19,3,1,9,4,49.43,0.0,197.72
418,1617,13,17,5,17,7,429.34,0.15,2554.573
419,169,18,18,10,5,5,92.76,0.0,463.8
420,1048,7,26,3,18,6,396.82,0.0,2380.92
421,636,14,24,14,8,1,252.03,0.15,214.22549999999998
422,238,15,20,10,2,5,669.42,0.05,3179.745
423,245,1,23,3,1,3,501.45,0.1,1353.915
424,1072,17,26,14,9,3,378.15,0.1,1021.0049999999999
425,1502,4,25,15,1,6,809.04,0.1,4368.816
426,1073,3,9,12,19,2,501.19,0.1,902.142
427,114,16,28,10,6,6,165.74,0.0,994.44
428,1176,4,8,12,17,1,53.6,0.0,53.6
429,501,2,16,6,13,3,187.17,0.0,561.51
430,1133,14,8,6,8,7,916.7,0.1,5775.210000000001
431,556,3,19,6,4,9,676.59,0.0,6089.31
432,368,8,26,9,2,7,78.24,0.15,465.52799999999996
433,1774,10,25,14,10,6,95.52,0.15,487.152
434,17,12,7,5,19,5,742.18,0.05,3525.3549999999996
435,951,12,19,8,7,9,762.88,0.05,6522.624
436,309,1,30,7,1,4,546.13,0.0,2184.52
437,687,1,25,11,13,5,112.91,0.05,536.3224999999999
438,860,16,2,3,9,2,53.46,0.05,101.574
439,1732,17,14,12,12,8,974.81,0.0,7798.48
440,1190,4,17,3,13,2,595.98,0.0,1191.96
441,891,5,8,5,9,6,926.78,0.15,4726.578
442,1436,11,11,8,9,4,83.94,0.05,318.972
443,279,19,4,3,4,3,455.07,0.1,1228.689
444,833,4,18,6,7,8,315.22,0.1,2269.5840000000003
445,1746,4,3,3,10,10,49.93,0.1,449.37
446,304,3,23,4,12,7,518.33,0.1,3265.4790000000003
447,533,6,1,7,15,9,750.6,0.05,6417.63
448,194,15,4,13,5,2,21.84,0.05,41.495999999999995
449,268,7,27,7,12,2,586.5,0.1,1055.7
450,1665,3,1,2,7,8,811.21,0.0,6489.68
451,1736,11,4,1,15,1,176.31,0.15,149.8635
452,1683,13,16,1,13,7,181.08,0.05,1204.182
453,384,9,9,8,5,1,617.97,0.05,587.0715
454,1326,10,16,7,18,8,70.37,0.1,506.66400000000004
455,785,5,14,4,17,4,634.45,0.0,2537.8
456,784,12,16,9,16,6,913.55,0.1,4933.169999999999
457,796,9,6,1,11,10,226.83,0.1,2041.4700000000003
458,120,16,17,6,19,4,974.24,0.0,3896.96
459,508,8,9,9,2,4,579.94,0.15,1971.796
460,727,6,6,4,19,6,808.15,0.1,4364.01
461,1212,1,23,12,12,10,567.97,0.05,5395.715
462,1714,16,18,5,6,8,47.58,0.0,380.64
463,477,20,8,1,17,8,10.68,0.05,81.16799999999999
464,1652,5,11,12,6,6,68.96,0.05,393.07199999999995
465,1202,5,25,2,17,6,960.95,0.1,5189.130000000001
466,1443,13,19,2,11,5,329.38,0.05,1564.555
467,1500,14,26,11,16,6,182.46,0.1,985.284
468,458,19,27,3,13,5,736.66,0.1,3314.97
469,261,6,24,1,19,7,852.25,0.0,5965.75
470,373,20,11,15,20,4,643.25,0.0,2573.0
471,1017,5,11,12,3,4,353.34,0.1,1272.024
472,344,3,27,12,11,8,21.28,0.05,161.728
473,512,3,12,5,4,1,57.67,0.15,49.0195
474,1501,14,6,15,14,8,882.95,0.1,6357.240000000001
475,1119,13,4,14,16,10,654.46,0.05,6217.37
476,334,15,3,13,2,5,29.88,0.1,134.46
477,215,3,11,3,13,3,734.67,0.0,2204.0099999999998
478,693,20,20,15,16,1,437.01,0.05,415.1595
479,1244,14,6,1,4,6,213.49,0.05,1216.893
480,839,18,24,15,18,5,663.99,0.1,2987.955
481,487,4,2,7,19,9,841.46,0.05,7194.483
482,112,12,1,7,3,5,825.66,0.15,3509.055
483,409,4,1,4,6,5,977.29,0.15,4153.4825
484,1729,4,10,13,13,8,494.21,0.1,3558.312
485,187,18,13,3,12,7,375.71,0.15,2235.4745
486,92,9,15,8,9,4,838.71,0.0,3354.84
487,310,4,3,11,12,9,419.85,0.05,3589.7174999999997
488,1134,2,27,7,17,7,965.97,0.15,5747.5215
489,1173,8,16,5,3,7,903.75,0.0,6326.25
490,1029,19,29,9,19,10,155.97,0.15,1325.745
491,355,6,7,13,7,3,52.25,0.0,156.75
492,1400,14,7,14,5,10,265.31,0.0,2653.1
493,179,13,18,7,18,6,858.06,0.15,4376.106
494,1789,1,26,12,20,10,527.34,0.15,4482.39
495,231,14,5,3,19,10,586.85,0.0,5868.5
496,217,19,25,2,10,9,881.33,0.15,6742.1745
497,541,13,21,8,19,10,478.32,0.05,4544.04
498,565,13,5,10,20,7,48.39,0.1,304.857
499,1415,8,2,12,16,5,898.06,0.0,4490.299999999999
500,692,10,10,5,16,2,972.77,0.05,1848.263
501,276,10,24,8,11,5,731.51,0.0,3657.55
502,385,15,7,15,14,8,761.9,0.1,5485.68
503,1682,2,17,13,6,2,318.01,0.15,540.617
504,278,17,29,10,1,3,200.84,0.05,572.394
505,1715,2,8,1,15,1,918.85,0.05,872.9075
506,562,12,27,8,17,7,639.06,0.0,4473.42
507,1396,1,8,6,16,10,451.64,0.15,3838.9399999999996
508,1202,18,12,6,6,5,751.47,0.0,3757.3500000000004
509,584,1,13,1,6,10,782.03,0.05,7429.284999999999
510,1756,8,21,4,7,5,655.07,0.0,3275.3500000000004
511,1771,1,16,15,5,3,605.13,0.0,1815.3899999999999
512,459,9,20,13,10,5,429.57,0.15,1825.6725
513,1745,12,15,5,7,8,309.12,0.15,2102.016
514,1198,4,1,9,12,9,650.87,0.1,5272.0470000000005
515,612,4,16,2,11,5,644.19,0.1,2898.8550000000005
516,535,10,7,3,17,4,900.69,0.15,3062.346
517,1353,11,22,3,1,8,997.49,0.1,7181.928
518,858,13,13,12,2,10,710.99,0.05,6754.405
519,703,8,22,9,16,6,512.24,0.05,2919.768
520,1722,18,6,5,4,8,136.66,0.1,983.952
521,1486,18,25,15,6,6,657.89,0.05,3749.973
522,728,8,24,14,10,7,790.21,0.1,4978.323
523,762,9,19,5,15,2,475.83,0.0,951.66
524,968,7,17,2,13,9,305.37,0.0,2748.33
525,1784,5,5,4,11,7,987.32,0.15,5874.554
526,294,11,28,12,6,2,492.71,0.05,936.1489999999999
527,642,2,1,8,9,4,763.58,0.05,2901.604
528,1181,6,16,13,3,3,618.33,0.15,1576.7415
529,827,14,16,7,1,1,538.44,0.1,484.59600000000006
530,29,11,25,14,17,4,27.74,0.0,110.96
531,1284,8,8,12,12,5,137.64,0.15,584.9699999999999
532,1031,19,10,3,3,1,305.22,0.1,274.69800000000004
533,934,17,20,9,11,7,889.09,0.05,5912.4484999999995
534,702,16,12,13,7,3,948.6,0.15,2418.9300000000003
535,40,8,8,12,5,4,736.74,0.05,2799.612
536,253,12,23,11,2,7,877.78,0.1,5530.014
537,1580,18,20,1,20,1,665.35,0.0,665.35
538,99,4,14,8,13,2,551.81,0.15,938.0769999999999
539,1438,5,7,12,1,5,426.66,0.0,2133.3
540,1357,17,9,10,20,3,424.64,0.0,1273.92
541,1048,20,4,5,4,2,502.76,0.05,955.2439999999999
542,1594,9,27,9,7,6,706.4,0.1,3814.56
543,329,2,18,8,7,8,337.3,0.0,2698.4
544,27,3,30,2,19,8,157.65,0.0,1261.2
545,1597,17,3,12,4,5,647.89,0.15,2753.5325
546,607,9,15,1,4,3,875.4,0.1,2363.58
547,738,11,14,12,4,2,852.73,0.0,1705.46
548,20,5,22,11,6,6,363.95,0.15,1856.1449999999998
549,1274,9,29,12,3,6,816.81,0.05,4655.816999999999
550,234,13,13,8,9,7,693.0,0.15,4123.349999999999
551,1639,14,21,15,6,2,141.19,0.0,282.38
552,1730,6,4,7,19,8,804.24,0.15,5468.832
553,372,20,13,13,12,10,38.53,0.05,366.03499999999997
554,990,16,4,15,14,8,55.51,0.1,399.67199999999997
555,1342,11,1,12,17,10,726.54,0.05,6902.129999999999
556,1372,11,17,9,20,2,438.52,0.05,833.1879999999999
557,987,12,22,11,13,3,840.64,0.0,2521.92
558,24,6,17,14,16,8,870.72,0.0,6965.76
559,1539,16,11,4,11,5,59.85,0.05,284.28749999999997
560,1128,13,13,14,8,2,464.5,0.15,789.65
561,181,16,15,6,4,8,747.79,0.0,5982.32
562,211,13,14,1,18,9,10.17,0.0,91.53
563,1622,20,20,11,10,9,566.71,0.15,4335.3315
564,699,12,27,1,8,8,338.65,0.15,2302.8199999999997
565,1468,12,23,8,4,2,761.73,0.05,1447.287
566,5,11,12,14,10,9,526.77,0.0,4740.93
567,94,6,16,3,14,2,261.75,0.05,497.325
568,385,4,30,14,13,4,462.48,0.05,1757.424
569,1468,11,4,13,14,1,927.36,0.0,927.36
570,1582,15,15,11,19,9,143.29,0.15,1096.1685
571,9,17,24,1,18,7,840.43,0.15,5000.558499999999
572,1042,6,23,10,6,3,112.52,0.1,303.80400000000003
573,1033,13,14,10,8,5,403.89,0.1,1817.5049999999999
574,603,15,26,3,5,7,606.5,0.1,3820.9500000000003
575,1727,18,28,6,18,4,208.88,0.1,751.968
576,1407,12,30,11,5,3,508.85,0.1,1373.8950000000002
577,1455,4,25,6,18,8,586.98,0.15,3991.464
578,1381,18,10,15,14,1,527.5,0.0,527.5
579,781,5,2,11,2,4,274.31,0.05,1042.378
580,587,9,5,14,2,5,211.96,0.0,1059.8
581,735,15,4,10,18,4,744.99,0.15,2532.966
582,487,17,26,13,10,1,927.22,0.15,788.1370000000001
583,854,11,18,1,1,5,211.06,0.15,897.0049999999999
584,1700,8,30,11,12,10,551.15,0.05,5235.925
585,1590,7,10,8,6,2,195.11,0.05,370.709
586,1506,17,4,7,2,7,286.32,0.1,1803.816
587,267,6,19,14,9,1,337.26,0.05,320.397
588,82,5,30,6,20,1,775.92,0.1,698.328
589,1005,19,18,6,3,6,530.14,0.05,3021.798
590,1067,3,26,9,6,7,547.65,0.15,3258.5174999999995
591,189,12,8,15,7,6,337.76,0.1,1823.904
592,448,20,17,8,18,1,123.57,0.1,111.213
593,913,8,29,11,20,10,251.39,0.0,2513.8999999999996
594,1398,11,13,15,4,7,264.02,0.1,1663.326
595,51,17,27,13,12,9,804.79,0.15,6156.643499999999
596,997,2,10,15,7,6,518.76,0.0,3112.56
597,343,18,18,1,3,4,673.63,0.05,2559.794
598,1772,14,27,2,7,9,830.46,0.15,6353.019
599,1325,3,24,11,5,1,464.63,0.1,418.16700000000003
600,78,3,3,1,6,5,562.5,0.05,2671.875
601,530,14,13,8,13,7,323.24,0.15,1923.2780000000002
602,1379,4,18,1,20,2,758.4,0.0,1516.8
603,1436,3,12,15,17,2,296.94,0.1,534.492
604,1243,3,10,13,15,7,401.16,0.0,2808.1200000000003
605,971,6,18,4,5,7,798.8,0.1,5032.44
606,1299,5,10,11,12,1,557.99,0.05,530.0905
607,253,2,1,10,20,7,541.78,0.0,3792.46
608,625,7,24,12,12,4,418.53,0.05,1590.4139999999998
609,330,6,8,10,9,4,123.48,0.0,493.92
610,1744,18,15,11,18,2,297.75,0.0,595.5
611,514,4,7,12,19,8,952.02,0.1,6854.544
612,263,8,4,5,20,2,901.12,0.1,1622.016
613,996,15,11,10,10,10,160.87,0.1,1447.8300000000002
614,1655,11,14,3,1,6,253.71,0.05,1446.147
615,1459,14,9,14,12,3,682.78,0.1,1843.506
616,1798,16,15,8,12,5,492.1,0.0,2460.5
617,360,20,3,14,9,3,892.38,0.05,2543.283
618,540,3,24,2,1,9,635.31,0.15,4860.121499999999
619,1576,19,7,15,2,9,268.01,0.15,2050.2765
620,1340,5,12,7,8,10,735.89,0.1,6623.01
621,275,15,17,9,3,7,370.23,0.0,2591.61
622,1358,8,28,13,20,3,759.63,0.05,2164.9455
623,914,6,6,10,19,3,738.56,0.15,1883.3279999999997
624,735,2,8,13,16,4,72.23,0.1,260.028
625,480,2,22,4,17,6,394.21,0.15,2010.4709999999998
626,1806,2,2,11,11,2,706.7,0.1,1272.0600000000002
627,1710,9,19,9,19,3,382.89,0.15,976.3695
628,749,19,21,15,3,9,259.07,0.05,2215.0485
629,1058,13,12,14,12,8,794.73,0.0,6357.84
630,1028,5,15,3,8,2,519.4,0.1,934.92
631,434,5,6,3,12,10,720.13,0.0,7201.3
632,1354,8,14,13,11,2,486.7,0.15,827.39
633,982,7,19,3,14,1,251.23,0.05,238.66849999999997
634,1175,19,6,3,17,1,891.89,0.05,847.2955
635,115,6,9,15,6,9,958.66,0.0,8627.94
636,1800,10,3,4,15,10,992.85,0.15,8439.225
637,350,8,27,7,20,3,796.67,0.05,2270.5094999999997
638,1277,17,9,3,11,8,600.57,0.0,4804.56
639,471,13,13,3,4,1,210.33,0.15,178.78050000000002
640,1693,5,20,2,6,8,902.59,0.0,7220.72
641,1798,18,17,13,4,2,487.42,0.05,926.098
642,1236,18,27,1,14,9,426.48,0.0,3838.32
643,1429,17,14,4,16,7,357.01,0.0,2499.0699999999997
644,872,5,9,8,8,2,290.43,0.15,493.731
645,528,7,1,12,1,10,527.32,0.0,5273.200000000001
646,769,7,23,13,11,7,368.65,0.05,2451.5224999999996
647,873,19,9,5,18,7,569.02,0.1,3584.826
648,1394,13,25,4,14,9,785.95,0.15,6012.5175
649,367,12,18,9,16,5,988.62,0.1,4448.790000000001
650,1586,13,24,3,4,4,452.13,0.05,1718.0939999999998
651,206,7,17,7,11,9,617.89,0.0,5561.01
652,330,13,21,1,3,3,476.95,0.15,1216.2224999999999
653,181,3,9,4,12,2,612.94,0.15,1041.998
654,821,20,21,9,10,10,66.89,0.05,635.4549999999999
655,1312,16,15,1,7,9,293.15,0.0,2638.35
656,1606,20,17,9,8,10,177.79,0.0,1777.8999999999999
657,737,8,21,1,6,2,996.85,0.15,1694.645
658,724,13,13,10,7,9,25.21,0.0,226.89000000000001
659,185,18,10,12,18,10,354.61,0.1,3191.4900000000002
660,464,20,7,8,13,10,14.6,0.05,138.7
661,834,17,4,9,3,9,301.31,0.0,2711.79
662,1645,17,9,15,18,10,257.64,0.15,2189.9399999999996
663,773,19,16,13,8,6,961.63,0.15,4904.313
664,1396,15,29,10,1,8,125.11,0.0,1000.88
665,784,8,22,12,8,6,418.3,0.1,2258.82
666,1058,18,1,12,9,4,294.42,0.15,1001.028
667,1380,11,3,9,6,8,320.73,0.05,2437.5480000000002
668,1175,9,6,12,7,8,739.74,0.05,5622.023999999999
669,1507,8,28,5,7,4,210.74,0.05,800.812
670,1713,20,12,3,4,2,920.99,0.15,1565.683
671,1258,1,25,14,18,1,849.53,0.1,764.577
672,1272,11,16,15,19,5,495.9,0.1,2231.55
673,815,8,25,10,5,1,530.48,0.15,450.908
674,980,18,2,9,12,7,861.8,0.05,5730.969999999999
675,937,4,23,9,15,6,692.32,0.0,4153.92
676,1381,7,13,10,4,6,367.99,0.1,1987.1460000000002
677,384,18,9,4,9,8,958.94,0.1,6904.368
678,750,6,16,7,7,7,703.71,0.1,4433.3730000000005
679,748,13,9,8,6,10,139.83,0.05,1328.3850000000002
680,1668,4,24,5,8,9,437.9,0.15,3349.935
681,402,5,26,12,5,8,807.61,0.05,6137.836
682,864,16,5,15,17,9,723.35,0.15,5533.6275000000005
683,615,9,18,14,19,1,404.42,0.05,384.199
684,123,7,27,5,16,2,455.36,0.1,819.648
685,533,12,12,9,18,5,350.7,0.15,1490.475
686,249,12,28,11,20,4,581.09,0.05,2208.142
687,1599,10,12,6,17,8,777.0,0.15,5283.599999999999
688,1822,3,13,10,10,8,635.4,0.05,4829.04
689,1779,6,21,13,11,7,634.96,0.15,3778.012
690,1739,3,3,3,11,4,320.35,0.1,1153.2600000000002
691,1455,9,20,11,13,5,888.81,0.1,3999.6449999999995
692,1532,19,17,8,14,3,192.05,0.0,576.1500000000001
693,257,8,22,5,3,4,175.24,0.0,700.96
694,196,3,30,15,16,9,63.29,0.15,484.1685
695,1074,3,4,5,20,3,93.47,0.15,238.34849999999997
696,634,8,8,12,10,8,630.22,0.05,4789.672
697,1079,6,1,1,12,6,865.6,0.15,4414.56
698,1784,18,30,5,18,8,143.76,0.05,1092.5759999999998
699,1211,20,15,11,19,7,528.23,0.1,3327.849
700,712,16,18,4,3,8,314.79,0.15,2140.572
701,533,5,10,1,1,9,817.23,0.05,6987.316499999999
702,705,10,16,9,1,8,947.49,0.15,6442.932
703,614,1,25,7,10,10,238.9,0.0,2389.0
704,1123,12,7,7,18,7,400.8,0.05,2665.3199999999997
705,1465,13,27,7,8,5,88.42,0.05,419.995
706,1059,20,26,12,9,5,651.97,0.1,2933.8650000000002
707,846,7,28,2,6,3,296.7,0.15,756.5849999999999
708,1266,15,9,12,20,8,195.91,0.0,1567.28
709,312,2,18,1,6,2,289.29,0.05,549.6510000000001
710,1465,15,24,1,8,2,159.18,0.15,270.606
711,445,11,14,5,16,6,469.05,0.0,2814.3
712,677,3,27,13,5,1,273.84,0.15,232.76399999999998
713,147,18,16,3,7,5,819.08,0.0,4095.4
714,250,8,13,13,15,4,740.24,0.0,2960.96
715,408,15,24,13,4,9,669.35,0.05,5722.9425
716,969,13,22,5,11,3,632.87,0.0,1898.6100000000001
717,1526,18,17,2,9,8,642.13,0.05,4880.188
718,739,2,28,11,7,2,243.61,0.15,414.137
719,665,1,6,13,9,10,128.45,0.05,1220.2749999999999
720,19,2,19,13,16,10,163.44,0.0,1634.4
721,510,6,16,2,20,6,931.54,0.0,5589.24
722,123,12,21,3,18,2,134.57,0.05,255.68299999999996
723,649,18,26,11,12,8,735.86,0.0,5886.88
724,1412,13,12,12,5,5,899.68,0.15,3823.6399999999994
725,1448,15,18,5,18,8,197.88,0.05,1503.888
726,1114,12,11,12,15,5,868.99,0.05,4127.702499999999
727,142,17,5,8,10,5,546.19,0.15,2321.3075000000003
728,2,17,13,12,6,1,623.54,0.1,561.186
729,1590,20,8,6,3,9,820.86,0.05,7018.352999999999
730,1074,16,25,9,5,10,290.3,0.15,2467.5499999999997
731,1313,11,4,2,17,2,53.34,0.05,101.346
732,366,2,7,2,16,4,107.77,0.15,366.41799999999995
733,1348,16,17,10,19,5,58.59,0.05,278.3025
734,1241,3,1,15,7,8,929.12,0.0,7432.96
735,959,2,12,9,14,6,796.31,0.0,4777.86
736,1687,20,9,9,2,2,836.11,0.0,1672.22
737,443,17,4,2,8,9,391.48,0.05,3347.154
738,1078,8,19,11,6,9,751.7,0.15,5750.505
739,1529,4,25,11,19,6,677.75,0.15,3456.525
740,1809,4,6,13,6,9,407.54,0.1,3301.074
741,1347,6,18,10,15,6,903.46,0.1,4878.684
742,1731,12,14,13,14,6,612.33,0.05,3490.2810000000004
743,769,18,30,12,9,6,962.04,0.15,4906.4039999999995
744,814,1,24,1,10,10,26.14,0.05,248.32999999999996
745,1824,10,1,5,8,4,857.16,0.0,3428.64
746,1581,9,30,9,17,9,574.96,0.05,4915.908
747,194,2,15,6,5,3,272.34,0.05,776.169
748,478,9,26,5,3,10,405.8,0.05,3855.1
749,1504,3,24,6,16,3,493.39,0.0,1480.17
750,1220,10,2,12,19,7,87.69,0.0,613.8299999999999
751,1579,11,12,15,14,7,930.94,0.0,6516.58
752,1782,8,24,11,20,1,637.55,0.15,541.9174999999999
753,111,10,17,1,11,9,569.26,0.1,4611.006
754,1029,8,5,1,13,8,755.31,0.0,6042.48
755,455,14,10,13,13,3,140.87,0.0,422.61
756,975,19,24,1,18,7,269.93,0.15,1606.0835
757,1028,14,25,12,5,3,486.11,0.05,1385.4134999999999
758,1000,13,21,10,7,9,619.84,0.05,5299.6320000000005
759,497,3,9,13,14,6,687.89,0.0,4127.34
760,231,14,14,6,12,4,327.53,0.0,1310.12
761,1577,10,6,6,20,8,626.95,0.15,4263.26
762,92,8,7,11,12,3,760.16,0.0,2280.48
763,231,2,8,10,5,5,23.6,0.0,118.0
764,625,15,16,1,11,4,742.61,0.05,2821.918
765,418,18,17,13,9,9,488.2,0.05,4174.11
766,1424,1,13,10,17,1,262.9,0.0,262.9
767,582,7,26,12,20,5,62.55,0.0,312.75
768,137,13,22,5,12,2,28.89,0.15,49.113
769,474,13,17,12,4,6,489.82,0.0,2938.92
770,382,7,17,8,18,1,49.35,0.1,44.415
771,684,16,13,12,6,1,353.31,0.1,317.979
772,728,10,8,9,9,1,629.53,0.15,535.1005
773,1824,1,18,5,8,3,348.37,0.15,888.3435000000001
774,1346,5,3,12,13,9,961.0,0.05,8216.55
775,855,8,19,3,14,5,910.64,0.1,4097.88
776,920,18,5,4,5,10,545.94,0.05,5186.43
777,1767,5,10,12,17,3,435.76,0.05,1241.916
778,1344,19,30,3,11,2,561.77,0.0,1123.54
779,378,11,27,15,5,1,767.78,0.15,652.6129999999999
780,843,10,15,12,9,3,781.32,0.0,2343.96
781,270,6,1,13,20,10,274.19,0.05,2604.805
782,1222,8,8,11,1,6,88.68,0.15,452.26800000000003
783,275,17,28,10,16,6,192.14,0.15,979.9139999999999
784,1007,16,5,3,7,4,41.91,0.0,167.64
785,553,14,8,12,7,4,75.47,0.15,256.598
786,1776,20,16,12,11,8,888.71,0.15,6043.228
787,830,2,20,12,13,6,400.21,0.0,2401.2599999999998
788,1067,4,15,8,2,4,523.52,0.15,1779.9679999999998
789,1506,2,18,7,17,1,197.95,0.15,168.2575
790,816,10,25,14,10,8,174.82,0.1,1258.704
791,1256,2,23,9,5,8,831.59,0.15,5654.812
792,186,17,4,3,19,9,143.95,0.15,1101.2175
793,663,15,1,3,15,10,897.65,0.05,8527.675
794,1808,15,3,5,11,3,721.19,0.0,2163.57
795,187,4,23,8,12,2,528.58,0.15,898.586
796,1489,17,20,3,13,9,386.8,0.05,3307.1400000000003
797,687,19,28,11,5,3,870.13,0.05,2479.8704999999995
798,1576,2,14,5,10,8,295.89,0.05,2248.7639999999997
799,241,5,7,1,20,5,22.09,0.15,93.8825
800,1752,16,18,13,1,10,883.88,0.05,8396.859999999999
801,445,19,22,8,15,7,447.46,0.0,3132.22
802,502,18,9,10,18,4,58.43,0.05,222.034
803,113,12,2,3,2,10,839.63,0.1,7556.669999999999
804,679,3,2,2,14,3,169.72,0.1,458.24399999999997
805,1252,20,19,13,18,3,966.63,0.1,2609.901
806,74,3,25,5,11,6,898.55,0.0,5391.299999999999
807,1554,14,27,9,3,5,476.11,0.0,2380.55
808,1423,9,11,9,14,9,217.75,0.05,1861.7624999999998
809,1254,2,4,10,17,2,488.83,0.1,879.894
810,875,20,28,6,9,9,579.39,0.1,4693.059
811,266,20,19,8,17,8,497.58,0.05,3781.6079999999997
812,1810,20,8,12,10,4,11.57,0.0,46.28
813,953,4,24,14,7,10,999.0,0.15,8491.5
814,94,11,12,9,7,1,644.21,0.1,579.7890000000001
815,522,3,10,5,17,9,330.68,0.0,2976.12
816,234,11,11,7,19,10,960.51,0.05,9124.845
817,398,11,27,6,16,8,799.28,0.05,6074.527999999999
818,987,5,21,8,18,6,467.85,0.15,2386.0350000000003
819,1521,2,27,9,10,10,727.71,0.1,6549.39
820,1138,18,1,4,19,6,801.54,0.1,4328.316
821,136,5,9,14,1,6,983.78,0.05,5607.546
822,1170,20,13,3,20,2,865.95,0.1,1558.71
823,1445,11,23,1,9,7,95.93,0.05,637.9345
824,762,15,27,5,7,9,309.3,0.0,2783.7000000000003
825,767,2,25,4,3,8,510.93,0.15,3474.324
826,1025,5,7,6,16,9,317.26,0.1,2569.806
827,294,4,27,9,5,4,727.32,0.15,2472.888
828,794,17,4,1,10,1,690.18,0.0,690.18
829,683,15,29,1,4,9,768.52,0.1,6225.012000000001
830,47,19,25,5,7,6,208.55,0.1,1126.1700000000003
831,567,18,11,13,15,2,279.93,0.05,531.867
832,561,4,1,10,18,9,111.35,0.1,901.935
833,1126,11,9,3,10,10,252.38,0.0,2523.8
834,638,20,29,6,18,8,60.22,0.0,481.76
835,965,2,4,7,2,2,432.2,0.05,821.18
836,1444,20,29,10,15,10,362.07,0.1,3258.63
837,1675,7,23,13,18,2,973.95,0.15,1655.7150000000001
838,1163,5,3,14,15,2,461.03,0.15,783.751
839,964,8,8,3,20,5,913.73,0.15,3883.3524999999995
840,376,11,26,14,11,8,492.63,0.0,3941.04
841,974,4,12,8,15,3,289.43,0.1,781.461
842,1238,19,5,9,4,7,819.38,0.0,5735.66
843,668,18,21,2,10,9,466.37,0.15,3567.7304999999997
844,489,20,8,9,6,8,389.98,0.1,2807.856
845,427,19,14,13,14,10,789.45,0.05,7499.775
846,355,3,24,15,19,8,123.18,0.15,837.624
847,667,18,4,14,15,3,314.96,0.15,803.1479999999999
848,143,20,4,11,20,7,334.13,0.0,2338.91
849,186,7,27,3,19,1,759.51,0.05,721.5345
850,928,18,10,7,20,10,452.69,0.05,4300.554999999999
851,1396,11,10,10,10,7,720.61,0.1,4539.843000000001
852,183,19,1,10,17,7,849.16,0.1,5349.708
853,128,12,29,9,2,1,706.32,0.1,635.6880000000001
854,225,10,28,1,8,7,705.2,0.15,4195.9400000000005
855,1281,11,23,7,13,7,440.84,0.05,2931.5859999999993
856,1357,6,16,3,7,9,390.75,0.1,3165.0750000000003
857,1721,14,5,5,5,3,21.49,0.0,64.47
858,295,16,22,7,5,2,145.85,0.15,247.945
859,1762,15,29,13,20,7,627.02,0.15,3730.7689999999993
860,1044,14,18,14,15,7,361.75,0.05,2405.6375
861,870,20,1,10,16,4,715.01,0.1,2574.036
862,842,18,19,6,2,1,572.47,0.1,515.2230000000001
863,232,19,16,12,3,3,732.88,0.1,1978.7759999999998
864,953,17,3,9,20,2,252.78,0.0,505.56
865,1401,18,26,10,10,10,62.25,0.1,560.25
866,1096,1,16,8,17,8,578.23,0.1,4163.256
867,863,12,26,5,10,3,44.97,0.1,121.419
868,1489,19,9,1,16,10,177.39,0.0,1773.8999999999999
869,1345,10,26,12,20,1,293.95,0.0,293.95
870,260,17,3,14,9,5,141.21,0.1,635.445
871,564,9,1,12,4,10,182.87,0.05,1737.2649999999999
872,1350,15,12,13,6,5,784.7,0.05,3727.325
873,994,6,26,9,2,6,984.23,0.05,5610.111
874,1220,5,27,8,14,7,245.57,0.15,1461.1415
875,1487,6,7,10,12,1,645.84,0.0,645.84
876,108,6,15,7,16,5,481.5,0.05,2287.125
877,778,13,16,5,5,9,871.57,0.0,7844.13
878,592,15,13,11,11,9,686.05,0.0,6174.45
879,200,18,21,6,14,10,918.86,0.1,8269.74
880,687,9,9,13,4,5,657.8,0.15,2795.65
881,945,8,24,11,19,4,524.75,0.05,1994.05
882,642,18,1,11,1,2,21.84,0.0,43.68
883,1076,4,22,8,12,4,728.0,0.1,2620.8
884,396,2,1,10,3,1,939.12,0.05,892.164
885,1228,4,23,2,3,10,138.61,0.05,1316.795
886,228,6,9,5,15,2,642.39,0.1,1156.302
887,1576,14,23,15,11,5,170.35,0.0,851.75
888,568,2,13,7,11,1,265.66,0.1,239.09400000000002
889,365,15,3,8,7,10,398.71,0.15,3389.035
890,223,5,18,13,14,4,617.83,0.0,2471.32
891,905,9,4,1,3,2,575.63,0.1,1036.134
892,1592,15,1,15,16,3,656.34,0.0,1969.02
893,78,13,9,3,11,7,578.89,0.15,3444.3955
894,980,14,13,14,3,9,233.59,0.15,1786.9634999999998
895,1412,16,4,10,18,6,340.11,0.1,1836.594
896,821,2,21,11,3,6,539.28,0.1,2912.112
897,165,15,25,13,10,4,184.85,0.0,739.4
898,787,7,10,12,13,2,634.31,0.1,1141.758
899,997,3,29,11,15,4,148.54,0.05,564.452
900,52,19,8,8,13,2,794.81,0.1,1430.658
901,1024,18,27,13,15,1,46.67,0.0,46.67
902,692,2,13,2,7,9,463.79,0.05,3965.4045000000006
903,1518,19,8,15,3,1,738.11,0.15,627.3935
904,1340,1,16,15,20,1,250.26,0.05,237.74699999999999
905,30,6,21,1,10,2,461.62,0.05,877.078
906,1711,19,3,14,4,2,502.17,0.05,954.1229999999999
907,130,7,14,6,13,6,129.59,0.05,738.6629999999999
908,659,7,25,1,19,3,342.15,0.0,1026.4499999999998
909,561,5,25,7,6,6,557.87,0.15,2845.137
910,499,19,2,3,4,10,382.37,0.05,3632.515
911,33,16,3,1,1,3,926.88,0.1,2502.576
912,853,16,23,3,7,3,643.43,0.15,1640.7465
913,844,8,6,10,2,10,188.2,0.15,1599.7
914,1254,3,21,14,10,6,424.6,0.05,2420.2200000000003
915,394,4,17,2,20,6,864.1,0.05,4925.37
916,951,7,9,1,7,2,798.65,0.15,1357.705
917,1019,6,6,11,2,1,648.41,0.1,583.569
918,430,14,9,6,20,8,52.88,0.0,423.04
919,1101,6,6,13,1,8,519.75,0.0,4158.0
920,482,15,19,10,11,7,206.76,0.1,1302.588
921,472,4,11,4,4,4,740.37,0.05,2813.406
922,770,8,3,8,19,8,63.8,0.15,433.84
923,297,7,30,10,15,3,393.46,0.05,1121.3609999999999
924,938,7,21,6,9,4,342.53,0.0,1370.12
925,1418,19,2,5,5,2,853.13,0.15,1450.321
926,857,6,25,6,8,5,607.6,0.05,2886.1
927,1184,18,28,4,3,7,858.4,0.15,5107.4800000000005
928,1766,7,19,8,15,5,24.36,0.15,103.53
929,1508,8,8,6,14,10,230.18,0.05,2186.71
930,1175,1,14,1,2,8,736.14,0.0,5889.12
931,872,17,13,8,4,8,500.33,0.0,4002.64
932,1144,1,23,12,14,4,141.38,0.1,508.968
933,490,3,1,8,10,3,706.27,0.0,2118.81
934,932,15,25,3,13,3,791.96,0.1,2138.2920000000004
935,1284,15,23,11,1,2,391.03,0.1,703.8539999999999
936,1088,2,10,7,9,10,547.01,0.05,5196.595
937,1614,3,20,15,11,1,519.59,0.1,467.63100000000003
938,1819,2,4,7,12,8,622.94,0.1,4485.168000000001
939,751,6,21,9,3,9,712.24,0.05,6089.651999999999
940,284,11,8,9,4,8,740.01,0.05,5624.076
941,1543,8,11,6,9,9,683.42,0.1,5535.702
942,112,3,12,6,15,8,506.44,0.0,4051.52
943,963,18,22,14,18,5,457.46,0.1,2058.5699999999997
944,1639,3,7,15,15,2,89.37,0.05,169.803
945,591,3,4,3,9,2,700.11,0.15,1190.187
946,309,7,17,11,1,5,422.37,0.05,2006.2574999999997
947,971,12,14,8,1,5,197.17,0.0,985.8499999999999
948,1786,8,27,9,11,7,582.92,0.1,3672.3959999999997
949,996,19,22,12,17,9,450.8,0.1,3651.4800000000005
950,1162,5,29,13,10,3,791.38,0.05,2255.433
951,992,12,10,13,2,3,359.59,0.15,916.9544999999999
952,341,20,30,3,18,5,190.46,0.05,904.6850000000001
953,1719,5,6,4,4,1,993.84,0.05,944.148
954,903,9,12,3,7,9,710.06,0.1,5751.485999999999
955,705,5,12,8,18,3,538.31,0.0,1614.9299999999998
956,52,13,30,8,5,8,928.53,0.05,7056.8279999999995
957,9,18,17,6,10,8,897.02,0.05,6817.352
958,1638,19,24,15,15,6,692.26,0.15,3530.5259999999994
959,83,5,22,9,4,5,34.55,0.05,164.11249999999998
960,914,12,3,6,2,10,644.9,0.05,6126.549999999999
961,1601,9,7,1,3,9,850.96,0.0,7658.64
962,1049,13,7,8,11,10,609.03,0.0,6090.299999999999
963,1366,12,13,3,14,6,392.25,0.0,2353.5
964,583,12,12,5,15,9,96.72,0.15,739.908
965,1519,14,26,8,10,3,807.62,0.15,2059.431
966,1493,14,5,14,19,10,95.22,0.05,904.59
967,622,16,28,9,11,2,933.82,0.15,1587.4940000000001
968,182,1,14,11,9,7,183.14,0.15,1089.683
969,1455,19,25,15,5,4,194.15,0.15,660.11
970,593,18,16,1,10,10,310.88,0.15,2642.48
971,460,1,26,1,5,5,307.17,0.15,1305.4725
972,255,10,14,3,16,4,38.16,0.1,137.376
973,1010,3,20,12,12,10,485.68,0.15,4128.28
974,1779,9,21,11,16,2,379.47,0.0,758.94
975,1732,9,6,10,2,3,326.48,0.05,930.468
976,732,6,2,5,12,7,639.88,0.1,4031.244
977,100,10,10,9,3,9,201.88,0.05,1726.074
978,1567,4,20,13,6,9,329.38,0.1,2667.978
979,1694,10,9,11,12,2,539.08,0.1,970.344
980,1687,5,1,3,17,5,379.28,0.15,1611.9399999999998
981,844,11,30,15,6,2,225.7,0.05,428.83
982,1704,7,26,15,18,10,692.76,0.0,6927.6
983,855,15,30,2,4,3,924.18,0.15,2356.659
984,714,10,23,6,5,8,890.83,0.1,6413.976000000001
985,353,10,1,12,4,4,137.43,0.05,522.234
986,1410,8,10,3,7,3,981.3,0.15,2502.3149999999996
987,1415,4,3,1,16,7,52.09,0.0,364.63
988,68,17,19,1,16,2,909.44,0.0,1818.88
989,136,10,22,1,4,2,920.9,0.05,1749.7099999999998
990,1204,7,6,11,12,1,99.87,0.1,89.88300000000001
991,1188,12,12,3,17,10,249.4,0.0,2494.0
992,203,19,25,1,17,4,718.65,0.1,2587.14
993,352,18,1,12,4,4,921.27,0.15,3132.3179999999998
994,751,19,6,8,4,3,836.39,0.15,2132.7945
995,869,7,17,4,14,2,763.8,0.1,1374.84
996,254,15,4,9,5,8,764.65,0.1,5505.48
997,1142,2,3,6,16,2,390.93,0.15,664.581
998,1230,10,22,14,15,4,558.38,0.1,2010.1680000000001
999,1752,14,7,14,3,8,939.69,0.1,6765.768000000001
1000,368,1,22,8,4,7,443.68,0.0,3105.76
1001,245,5,13,7,19,2,744.02,0.05,1413.638
1002,133,12,7,6,7,10,845.59,0.15,7187.514999999999
1003,252,8,27,7,16,5,767.17,0.1,3452.265
1004,1549,13,12,8,20,7,987.65,0.1,6222.195000000001
1005,302,15,4,2,9,8,502.3,0.05,3817.48
1006,61,4,24,1,3,8,681.33,0.05,5178.108
1007,784,20,22,6,5,5,625.75,0.0,3128.75
1008,1557,3,22,13,17,8,794.8,0.05,6040.48
1009,602,16,16,9,9,9,350.18,0.0,3151.62
1010,1565,2,14,15,4,7,455.61,0.15,2710.8795
1011,907,15,2,1,6,9,662.82,0.1,5368.842000000001
1012,1812,6,16,7,5,5,718.57,0.15,3053.9225
1013,1565,4,19,11,16,9,688.52,0.15,5267.178
1014,975,18,28,3,17,1,397.47,0.15,337.84950000000003
1015,1211,13,20,11,12,5,327.28,0.0,1636.3999999999999
1016,1210,2,5,14,12,6,811.46,0.0,4868.76
1017,1568,11,13,2,14,6,992.03,0.15,5059.353
1018,720,2,22,4,8,4,651.6,0.0,2606.4
1019,1410,3,28,5,4,6,178.08,0.1,961.6320000000001
1020,77,15,22,14,14,10,519.61,0.15,4416.685
1021,547,1,23,8,19,1,985.91,0.15,838.0234999999999
1022,1169,13,11,10,4,8,109.06,0.05,828.856
1023,689,16,17,13,11,3,618.68,0.1,1670.436
1024,893,7,16,11,3,9,221.94,0.1,1797.7140000000002
1025,98,10,19,7,8,10,745.46,0.0,7454.6
1026,1470,19,4,10,11,5,76.6,0.15,325.55
1027,875,7,12,13,3,5,509.59,0.1,2293.1549999999997
1028,887,18,11,4,14,7,258.75,0.15,1539.5625
1029,1376,18,6,15,1,9,864.08,0.15,6610.212
1030,437,15,9,15,18,10,854.25,0.15,7261.125
1031,1160,2,17,4,12,8,156.27,0.05,1187.652
1032,1529,10,28,7,14,6,861.58,0.0,5169.4800000000005
1033,1299,7,28,7,9,5,649.58,0.1,2923.11
1034,1407,20,8,7,8,2,158.46,0.0,316.92
1035,503,10,15,8,18,7,427.8,0.0,2994.6
1036,414,6,9,3,1,5,791.77,0.1,3562.965
1037,1349,18,6,11,2,8,784.41,0.0,6275.28
1038,1761,3,11,10,10,2,901.57,0.15,1532.669
1039,745,3,13,14,5,4,120.81,0.0,483.24
1040,1069,19,25,15,17,5,501.49,0.0,2507.45
1041,488,20,4,13,11,6,834.01,0.15,4253.450999999999
1042,1651,8,30,7,7,3,115.75,0.05,329.8875
1043,563,15,14,5,19,1,495.45,0.1,445.905
1044,1433,4,11,9,14,8,685.91,0.1,4938.552
1045,1802,5,12,8,12,5,30.86,0.0,154.3
1046,1724,2,23,15,8,5,557.2,0.1,2507.4
1047,1309,12,29,13,4,9,868.28,0.15,6642.342
1048,796,1,30,7,9,5,99.35,0.05,471.91249999999997
1049,610,7,28,15,6,8,635.04,0.15,4318.272
1050,1617,2,9,14,3,8,476.38,0.15,3239.384
1051,1723,11,23,7,4,3,701.5,0.0,2104.5
1052,721,14,20,12,18,6,458.73,0.0,2752.38
1053,1561,2,21,11,6,8,793.11,0.05,6027.6359999999995
1054,7,13,7,11,10,6,580.05,0.0,3480.2999999999997
1055,324,8,17,12,5,10,688.9,0.1,6200.1
1056,925,16,28,12,5,5,181.74,0.1,817.83
1057,1638,10,7,2,14,6,190.07,0.15,969.3570000000001
1058,1710,19,8,1,1,9,650.64,0.05,5562.972
1059,183,15,7,5,6,1,407.02,0.15,345.967
1060,1230,9,5,2,12,3,947.77,0.0,2843.31
1061,29,17,14,13,15,8,127.33,0.05,967.708
1062,391,9,10,12,16,7,138.9,0.05,923.6850000000001
1063,1229,7,27,5,7,7,188.57,0.05,1253.9904999999999
1064,59,10,9,4,20,8,908.25,0.1,6539.400000000001
1065,1194,15,3,1,16,3,872.73,0.15,2225.4615
1066,1407,7,23,7,14,10,263.66,0.0,2636.6000000000004
1067,1141,2,2,6,8,8,909.14,0.0,7273.12
1068,11,9,17,10,13,5,977.75,0.1,4399.875
1069,271,18,2,10,6,5,178.17,0.15,757.2224999999999
1070,695,15,5,2,11,9,438.6,0.1,3552.6600000000003
1071,240,11,2,3,16,5,750.35,0.15,3188.9874999999997
1072,580,9,20,14,9,9,319.88,0.05,2734.974
1073,647,16,25,3,18,8,62.69,0.05,476.44399999999996
1074,112,8,6,1,16,5,171.92,0.15,730.6599999999999
1075,894,4,29,15,16,1,447.1,0.15,380.035
1076,938,16,4,14,5,2,356.11,0.05,676.609
1077,1779,10,6,14,6,9,824.35,0.05,7048.1925
1078,1196,1,17,13,19,3,422.25,0.0,1266.75
1079,505,16,22,2,11,1,291.44,0.0,291.44
1080,808,12,19,15,4,6,162.24,0.0,973.44
1081,943,16,15,11,9,10,661.43,0.1,5952.87
1082,90,20,15,6,19,3,219.25,0.0,657.75
1083,1642,10,11,13,2,2,551.68,0.15,937.8559999999999
1084,190,13,9,3,8,7,98.3,0.05,653.6949999999999
1085,334,13,25,7,10,3,129.4,0.15,329.97
1086,1641,14,24,13,10,10,139.97,0.0,1399.7
1087,1705,12,17,4,16,8,886.56,0.15,6028.607999999999
1088,550,19,20,7,3,7,812.88,0.05,5405.652
1089,890,14,3,1,17,6,973.54,0.05,5549.178
1090,1327,5,30,8,17,9,93.13,0.15,712.4445
1091,896,3,30,13,16,5,157.12,0.05,746.3199999999999
1092,1402,10,27,4,17,7,302.53,0.0,2117.71
1093,1129,3,30,1,17,2,515.55,0.15,876.435
1094,194,15,22,12,19,5,361.9,0.0,1809.5
1095,1575,17,1,2,15,3,788.32,0.15,2010.216
1096,93,3,14,15,10,6,591.34,0.15,3015.834
1097,1552,15,20,13,9,6,967.05,0.05,5512.1849999999995
1098,433,6,3,12,20,5,872.9,0.0,4364.5
1099,889,18,1,1,13,2,23.17,0.15,39.389
1100,943,13,28,11,20,8,309.77,0.1,2230.344
1101,1415,13,26,5,3,3,143.76,0.05,409.71599999999995
1102,230,1,23,4,1,4,486.31,0.05,1847.9779999999998
1103,1331,8,14,14,18,4,95.23,0.15,323.782
1104,304,16,14,1,4,3,903.39,0.15,2303.6445
1105,994,16,1,14,15,10,250.2,0.1,2251.8
1106,1167,13,2,6,1,2,634.11,0.15,1077.987
1107,852,16,24,10,20,9,999.04,0.0,8991.36
1108,999,13,16,9,19,10,935.93,0.15,7955.404999999999
1109,475,2,17,1,14,10,322.69,0.0,3226.9
1110,549,14,29,8,4,8,626.47,0.1,4510.584000000001
1111,919,14,1,3,10,4,474.55,0.15,1613.47
1112,476,17,8,10,11,10,854.92,0.15,7266.819999999999
1113,269,10,24,12,13,7,834.75,0.1,5258.925
1114,1631,16,26,14,6,10,215.14,0.0,2151.3999999999996
1115,1367,16,5,3,7,3,609.69,0.0,1829.0700000000002
1116,1626,14,16,5,8,4,561.26,0.0,2245.04
1117,735,9,12,11,6,3,829.67,0.0,2489.0099999999998
1118,1653,3,11,7,4,10,234.42,0.05,2226.99
1119,997,9,11,13,12,1,772.39,0.1,695.151
1120,310,17,20,11,4,1,927.37,0.15,788.2645
1121,1637,15,27,13,4,2,783.84,0.0,1567.68
1122,1687,18,2,9,4,3,633.63,0.05,1805.8455
1123,741,6,24,5,15,9,503.41,0.0,4530.6900000000005
1124,316,12,11,14,5,2,850.11,0.15,1445.187
1125,852,1,8,14,16,6,293.89,0.05,1675.1729999999998
1126,175,9,12,12,14,6,633.15,0.05,3608.9549999999995
1127,311,17,14,13,8,3,803.75,0.15,2049.5625
1128,839,15,28,9,12,1,448.15,0.0,448.15
1129,1470,17,3,2,11,6,407.63,0.05,2323.4909999999995
1130,889,2,13,13,2,3,903.49,0.0,2710.4700000000003
1131,1294,17,10,7,13,9,874.81,0.1,7085.960999999999
1132,705,1,27,5,17,10,921.25,0.15,7830.625
1133,914,7,29,9,20,10,655.52,0.1,5899.68
1134,1818,13,25,4,10,2,46.6,0.1,83.88000000000001
1135,799,5,17,9,10,4,101.89,0.1,366.80400000000003
1136,1068,11,25,11,6,1,37.61,0.1,33.849000000000004
1137,495,10,24,7,17,2,734.67,0.1,1322.406
1138,532,17,12,2,2,2,454.25,0.0,908.5
1139,929,11,8,13,19,10,717.5,0.05,6816.25
1140,718,10,10,11,19,3,717.21,0.05,2044.0485
1141,216,11,17,10,7,6,459.77,0.05,2620.689
1142,1458,14,27,7,3,2,71.57,0.05,135.98299999999998
1143,976,7,15,2,12,9,408.73,0.15,3126.7845
1144,1786,9,19,8,14,8,692.13,0.15,4706.4839999999995
1145,1499,14,27,3,5,9,135.85,0.15,1039.2524999999998
1146,265,17,28,9,4,4,460.88,0.0,1843.52
1147,1529,6,18,6,4,10,853.79,0.0,8537.9
1148,248,12,19,5,2,9,161.77,0.1,1310.337
1149,625,12,10,5,16,1,793.29,0.05,753.6254999999999
1150,1606,19,14,1,10,5,223.43,0.15,949.5775000000001
1151,5,4,18,6,3,1,423.4,0.1,381.06
1152,1159,15,29,6,13,8,836.12,0.05,6354.512
1153,1561,5,17,11,15,8,670.55,0.05,5096.179999999999
1154,1775,11,3,13,20,10,415.53,0.05,3947.534999999999
1155,810,11,18,1,15,5,649.46,0.05,3084.935
1156,1449,1,19,11,10,9,648.71,0.0,5838.39
1157,395,20,18,10,2,10,526.54,0.15,4475.589999999999
1158,1030,1,4,11,18,3,962.75,0.1,2599.425
1159,1612,7,8,14,19,8,93.8,0.1,675.36
1160,823,19,2,8,1,6,442.65,0.15,2257.5149999999994
1161,50,17,11,7,9,2,123.5,0.0,247.0
1162,1110,6,10,3,6,5,770.62,0.05,3660.4449999999997
1163,629,14,22,3,2,10,961.51,0.05,9134.345
1164,56,2,10,7,4,6,151.04,0.1,815.616
1165,529,13,27,15,4,1,210.53,0.05,200.0035
1166,1010,17,25,9,13,2,276.59,0.1,497.86199999999997
1167,952,18,14,2,16,1,413.42,0.05,392.749
1168,1815,1,9,9,19,2,253.85,0.05,482.31499999999994
1169,624,19,14,8,3,9,211.42,0.05,1807.6409999999998
1170,765,18,6,13,8,9,953.09,0.15,7291.138499999999
1171,86,1,27,8,20,5,656.53,0.05,3118.5174999999995
1172,2,2,30,15,16,5,601.89,0.15,2558.0325
1173,720,7,19,14,17,5,55.03,0.0,275.15
1174,616,3,13,12,4,3,727.82,0.1,1965.114
1175,1799,14,7,10,17,6,885.09,0.1,4779.486
1176,1301,9,25,12,15,5,253.47,0.1,1140.615
1177,700,7,15,10,11,1,914.88,0.05,869.136
1178,1324,1,20,8,1,1,675.98,0.15,574.583
1179,1139,16,25,7,18,2,789.43,0.0,1578.86
1180,1104,1,29,14,15,2,359.46,0.15,611.082
1181,1695,20,12,7,6,1,133.52,0.1,120.168
1182,396,15,1,4,1,5,683.75,0.1,3076.875
1183,393,3,27,10,10,4,241.92,0.15,822.5279999999999
1184,744,2,9,8,20,4,17.06,0.15,58.00399999999999
1185,228,9,19,9,16,3,556.27,0.05,1585.3694999999998
1186,134,19,5,12,3,3,267.03,0.05,761.0354999999998
1187,1805,17,24,13,9,4,849.19,0.0,3396.76
1188,1420,18,20,5,18,8,11.94,0.15,81.192
1189,1313,2,28,6,14,7,281.3,0.15,1673.7350000000001
1190,1015,12,17,13,2,4,56.5,0.15,192.1
1191,1091,15,11,1,13,4,341.36,0.0,1365.44
1192,1511,8,23,7,3,4,204.91,0.1,737.676
1193,637,3,21,11,4,1,485.17,0.0,485.17
1194,1214,11,27,5,8,2,478.84,0.1,861.9119999999999
1195,1705,2,27,6,17,4,944.11,0.15,3209.974
1196,1565,4,21,8,19,2,94.68,0.0,189.36
1197,69,13,11,15,3,3,71.38,0.15,182.01899999999998
1198,113,10,20,11,14,2,110.81,0.0,221.62
1199,1146,2,10,14,13,7,104.87,0.15,623.9765
1200,478,20,26,11,20,1,458.88,0.15,390.048
1201,1629,14,29,10,20,2,346.22,0.0,692.44
1202,930,17,11,10,7,2,111.66,0.0,223.32
1203,1215,7,29,10,5,9,263.72,0.15,2017.4580000000003
1204,986,20,15,3,8,3,799.06,0.0,2397.18
1205,262,10,19,7,17,6,318.08,0.05,1813.056
1206,302,16,10,10,11,5,375.14,0.0,1875.6999999999998
1207,1061,19,22,11,5,1,245.01,0.0,245.01
1208,865,12,7,4,7,2,348.14,0.15,591.838
1209,1423,15,20,12,11,10,570.44,0.1,5133.960000000001
1210,1262,10,14,6,6,2,459.76,0.0,919.52
1211,1016,8,30,1,8,4,471.87,0.05,1793.106
1212,490,16,24,13,11,7,213.26,0.05,1418.1789999999999
1213,1692,1,12,1,3,6,39.72,0.0,238.32
1214,292,10,15,4,19,6,53.47,0.0,320.82
1215,408,7,10,3,8,5,721.65,0.1,3247.425
1216,1736,18,8,3,7,1,184.32,0.1,165.888
1217,208,1,27,11,5,7,658.32,0.0,4608.240000000001
1218,694,7,10,8,8,6,811.39,0.05,4624.923
1219,1080,20,29,7,3,2,152.99,0.05,290.681
1220,1628,7,7,9,13,6,324.77,0.15,1656.3269999999998
1221,1303,8,30,1,20,10,197.21,0.1,1774.89
1222,1618,5,11,4,2,5,874.12,0.15,3715.01
1223,429,3,26,8,20,2,175.76,0.15,298.792
1224,1539,17,12,8,17,8,187.21,0.1,1347.912
1225,1077,16,23,8,16,5,585.37,0.0,2926.85
1226,425,8,29,4,15,4,401.94,0.1,1446.984
1227,871,13,19,3,12,5,555.05,0.05,2636.4874999999997
1228,1540,3,10,8,17,6,237.88,0.0,1427.28
1229,953,17,20,6,14,8,472.88,0.15,3215.584
1230,753,16,11,5,13,1,187.77,0.05,178.3815
1231,544,3,12,15,3,5,844.18,0.0,4220.9
1232,1610,9,30,4,4,2,80.64,0.0,161.28
1233,1119,7,11,4,11,5,309.69,0.1,1393.605
1234,391,20,5,14,18,5,18.45,0.1,83.025
1235,578,12,26,7,13,10,760.23,0.0,7602.3
1236,967,17,25,3,13,4,234.66,0.05,891.708
1237,972,8,17,10,18,8,725.29,0.15,4931.972
1238,698,3,11,14,7,7,772.43,0.15,4595.9585
1239,430,15,15,14,18,1,380.95,0.05,361.9025
1240,626,1,16,13,12,6,233.24,0.15,1189.5240000000001
1241,1405,13,25,13,18,5,332.82,0.0,1664.1
1242,1163,2,30,3,5,6,572.51,0.15,2919.801
1243,781,7,13,2,18,7,196.46,0.0,1375.22
1244,674,19,15,11,10,2,179.71,0.05,341.449
1245,66,20,16,1,6,4,78.8,0.15,267.91999999999996
1246,582,7,8,5,17,2,460.12,0.1,828.216
1247,1062,1,6,6,14,7,165.47,0.0,1158.29
1248,265,18,14,8,3,7,955.55,0.05,6354.407499999999
1249,267,7,10,7,16,3,607.67,0.1,1640.7089999999998
1250,1204,7,17,12,15,5,209.69,0.05,996.0275
1251,913,3,27,7,20,4,530.6,0.15,1804.04
1252,943,15,19,1,3,5,649.84,0.15,2761.82
1253,711,10,13,10,6,7,256.64,0.15,1527.008
1254,938,13,30,11,6,10,104.58,0.0,1045.8
1255,491,6,9,15,18,5,669.99,0.0,3349.95
1256,1430,7,30,8,14,9,130.02,0.1,1053.162
1257,157,4,17,13,11,7,456.43,0.1,2875.5090000000005
1258,425,17,2,8,1,2,642.48,0.15,1092.216
1259,781,11,24,7,7,7,47.4,0.1,298.62
1260,235,5,11,11,15,8,466.74,0.0,3733.92
1261,1124,8,23,8,5,8,822.22,0.05,6248.872
1262,350,1,20,2,6,5,132.91,0.15,564.8675
1263,345,3,22,13,1,5,161.96,0.1,728.82
1264,365,7,23,1,18,4,447.64,0.0,1790.56
1265,1714,17,21,11,4,7,693.44,0.15,4125.968
1266,108,20,1,1,13,4,929.53,0.1,3346.308
1267,489,7,3,1,14,1,989.4,0.1,890.46
1268,1681,7,22,11,3,4,959.16,0.0,3836.64
1269,1633,6,24,3,2,7,517.38,0.1,3259.494
1270,661,18,21,4,20,4,934.98,0.15,3178.932
1271,877,4,8,4,4,6,330.13,0.0,1980.78
1272,824,11,1,7,7,8,227.9,0.1,1640.88
1273,1332,20,12,1,3,4,416.99,0.15,1417.766
1274,209,18,26,15,19,3,259.42,0.0,778.26
1275,1229,11,21,12,13,3,338.73,0.1,914.571
1276,1744,16,3,6,1,10,912.98,0.15,7760.329999999999
1277,784,17,21,12,8,9,591.59,0.0,5324.31
1278,477,1,20,13,4,5,244.03,0.15,1037.1275
1279,1551,8,20,2,2,3,380.78,0.1,1028.106
1280,414,5,13,4,2,4,924.18,0.15,3142.2119999999995
1281,1514,11,5,5,11,1,525.66,0.15,446.811
1282,1328,10,25,1,8,6,349.3,0.05,1991.01
1283,1105,2,30,15,8,4,611.98,0.15,2080.732
1284,1068,11,6,8,1,2,871.17,0.0,1742.34
1285,395,2,21,3,7,3,100.84,0.05,287.39399999999995
1286,484,17,3,7,15,5,172.52,0.05,819.47
1287,502,14,6,10,8,5,292.5,0.15,1243.125
1288,1302,7,9,14,16,2,951.5,0.1,1712.7
1289,816,13,6,8,15,7,510.24,0.15,3035.9280000000003
1290,1558,5,27,13,16,1,764.31,0.15,649.6634999999999
1291,1750,3,25,15,10,10,541.83,0.05,5147.385
1292,527,13,15,5,15,5,381.4,0.15,1620.95
1293,148,11,5,12,16,4,163.18,0.05,620.084
1294,9,1,28,9,12,8,410.51,0.15,2791.468
1295,809,12,13,8,10,10,80.52,0.0,805.1999999999999
1296,255,13,30,10,6,4,765.32,0.1,2755.152
1297,1580,12,17,12,16,6,699.49,0.15,3567.3990000000003
1298,869,8,8,8,2,6,634.64,0.0,3807.84
1299,1429,5,9,10,15,3,261.75,0.05,745.9875
1300,26,4,25,2,13,7,709.01,0.0,4963.07
1301,1062,7,29,7,6,7,260.34,0.1,1640.1419999999998
1302,1026,18,22,15,13,10,314.9,0.15,2676.65
1303,1542,3,4,11,19,6,816.09,0.1,4406.886
1304,1534,7,30,12,13,5,16.36,0.05,77.71
1305,1672,16,1,2,3,7,529.71,0.1,3337.1730000000002
1306,1502,14,6,3,12,3,707.01,0.05,2014.9784999999997
1307,997,6,17,2,15,10,816.23,0.05,7754.1849999999995
1308,412,2,24,3,7,5,983.12,0.15,4178.26
1309,903,20,4,14,6,2,300.19,0.15,510.323
1310,256,9,3,6,1,10,242.43,0.15,2060.655
1311,1378,4,1,1,9,1,668.67,0.0,668.67
1312,199,7,17,13,1,7,606.96,0.1,3823.8480000000004
1313,996,16,25,6,20,7,343.18,0.1,2162.034
1314,646,8,12,11,13,7,614.7,0.1,3872.6100000000006
1315,1789,11,26,2,1,8,871.84,0.15,5928.512
1316,1486,5,1,10,4,9,286.67,0.05,2451.0285
1317,755,15,20,11,16,9,419.0,0.05,3582.45
1318,7,11,1,11,12,1,969.9,0.1,872.91
1319,1389,15,8,10,16,7,741.81,0.0,5192.67
1320,714,14,30,15,16,2,736.93,0.1,1326.474
1321,1244,7,23,3,17,10,787.01,0.0,7870.1
1322,262,16,26,2,10,9,987.35,0.15,7553.227499999999
1323,345,15,4,8,18,4,250.92,0.05,953.4959999999999
1324,1543,3,4,7,1,3,929.71,0.1,2510.217
1325,786,9,8,12,9,8,951.99,0.0,7615.92
1326,1363,5,30,9,16,2,797.59,0.1,1435.662
1327,1786,8,30,10,20,2,647.55,0.15,1100.8349999999998
1328,1470,13,21,11,18,7,810.36,0.05,5388.894
1329,531,4,10,2,4,2,346.84,0.05,658.9959999999999
1330,1525,4,19,6,5,6,954.53,0.0,5727.18
1331,637,2,19,9,7,7,980.05,0.1,6174.315
1332,1580,12,26,11,5,9,667.11,0.05,5703.790499999999
1333,219,13,1,9,15,6,153.25,0.1,827.5500000000001
1334,1715,8,16,11,15,3,605.45,0.05,1725.5325
1335,1530,2,20,6,10,9,990.43,0.0,8913.869999999999
1336,561,19,16,11,7,8,298.58,0.15,2030.3439999999998
1337,121,11,5,14,7,4,703.4,0.0,2813.6
1338,1773,6,28,8,13,5,984.55,0.05,4676.6125
1339,45,18,13,6,14,8,990.41,0.15,6734.788
1340,801,3,17,12,10,5,699.41,0.05,3322.1974999999998
1341,1436,18,13,2,5,6,754.74,0.0,4528.4400000000005
1342,1741,10,15,11,6,10,146.19,0.15,1242.615
1343,597,5,7,4,7,1,368.6,0.0,368.6
1344,1390,5,13,7,6,1,105.09,0.15,89.3265
1345,368,2,4,9,11,10,439.48,0.05,4175.06
1346,1285,13,8,1,4,4,402.68,0.1,1449.6480000000001
1347,1409,20,6,11,13,2,779.95,0.15,1325.915
1348,564,15,12,1,4,2,91.81,0.15,156.077
1349,1314,17,8,1,19,10,987.48,0.15,8393.58
1350,561,4,26,10,6,7,489.35,0.15,2911.6325
1351,612,19,5,2,11,2,716.63,0.05,1361.597
1352,831,1,13,9,18,9,493.68,0.0,4443.12
1353,1544,7,22,15,4,3,863.38,0.05,2460.633
1354,11,18,15,13,11,2,48.75,0.05,92.625
1355,1337,6,3,9,9,1,93.76,0.0,93.76
1356,1037,10,12,9,6,7,977.33,0.0,6841.31
1357,509,10,2,9,10,9,450.47,0.15,3446.0955000000004
1358,1424,11,17,15,12,10,542.83,0.05,5156.885
1359,1409,4,22,14,2,4,46.37,0.05,176.206
1360,614,7,5,10,18,4,595.87,0.1,2145.132
1361,264,20,14,2,18,5,268.07,0.05,1273.3324999999998
1362,820,15,3,5,14,3,540.55,0.0,1621.6499999999999
1363,1290,9,21,12,7,6,568.01,0.05,3237.6569999999997
1364,860,5,11,13,14,7,35.65,0.05,237.07249999999996
1365,159,9,4,9,4,9,412.71,0.1,3342.951
1366,1312,3,12,15,11,5,154.87,0.05,735.6324999999999
1367,561,1,4,7,8,7,952.27,0.0,6665.889999999999
1368,360,17,24,15,10,10,823.13,0.15,6996.605
1369,196,17,12,12,19,5,556.03,0.0,2780.1499999999996
1370,99,6,11,13,13,3,351.72,0.15,896.8860000000001
1371,977,19,5,5,1,9,716.09,0.05,6122.5695000000005
1372,293,13,19,12,9,1,919.26,0.1,827.3340000000001
1373,1449,8,22,10,14,8,191.27,0.1,1377.144
1374,1636,15,17,5,9,7,525.39,0.05,3493.8435
1375,626,3,10,7,11,2,638.33,0.0,1276.66
1376,1495,8,3,3,19,1,93.74,0.1,84.366
1377,1135,16,26,14,1,7,680.26,0.05,4523.728999999999
1378,983,16,17,11,18,2,411.42,0.05,781.698
1379,1703,1,23,7,18,6,251.78,0.0,1510.68
1380,1244,15,6,11,17,4,183.07,0.1,659.052
1381,1720,5,17,6,2,7,500.55,0.05,3328.6575
1382,765,4,11,15,8,9,852.27,0.0,7670.43
1383,595,10,16,5,9,4,12.21,0.15,41.514
1384,446,10,30,15,17,1,936.06,0.15,795.651
1385,118,12,1,10,15,6,305.37,0.0,1832.22
1386,11,12,29,12,6,7,360.99,0.0,2526.9300000000003
1387,883,16,7,2,17,9,899.52,0.15,6881.328
1388,254,16,1,3,9,4,475.99,0.1,1713.564
1389,613,12,14,15,6,9,813.43,0.0,7320.87
1390,899,15,6,3,12,7,15.75,0.05,104.7375
1391,227,7,10,1,5,7,426.85,0.1,2689.155
1392,65,6,22,4,16,5,127.6,0.15,542.3
1393,1127,16,26,11,5,6,753.58,0.15,3843.2580000000003
1394,1028,13,5,2,4,1,134.86,0.1,121.37400000000001
1395,1025,1,25,11,8,1,681.53,0.1,613.377
1396,880,20,24,1,14,8,296.57,0.15,2016.676
1397,170,14,8,10,5,9,194.99,0.1,1579.419
1398,1571,4,28,5,8,7,206.43,0.0,1445.01
1399,1436,17,20,3,7,10,632.62,0.05,6009.889999999999
1400,470,4,5,7,2,5,990.49,0.05,4704.827499999999
1401,874,1,20,4,3,1,386.55,0.1,347.89500000000004
1402,1434,8,8,6,14,8,70.74,0.15,481.0319999999999
1403,1319,2,10,2,9,6,287.75,0.1,1553.8500000000001
1404,1458,14,8,6,2,3,50.48,0.0,151.44
1405,1353,11,7,5,16,5,909.4,0.0,4547.0
1406,883,6,9,8,12,6,311.31,0.0,1867.8600000000001
1407,1371,1,22,9,5,6,366.96,0.1,1981.5839999999998
1408,1522,19,17,10,12,4,653.75,0.05,2484.25
1409,1197,13,3,15,4,3,633.26,0.0,1899.78
1410,85,19,30,15,7,4,707.61,0.0,2830.44
1411,154,18,20,6,10,8,989.75,0.05,7522.099999999999
1412,1093,5,2,3,7,7,554.99,0.1,3496.4370000000004
1413,1797,18,12,15,12,8,633.57,0.0,5068.56
1414,894,3,16,7,17,9,792.98,0.05,6779.978999999999
1415,1228,9,23,3,10,1,956.24,0.0,956.24
1416,1627,7,24,14,13,8,687.85,0.0,5502.8
1417,339,15,25,9,13,9,781.58,0.15,5979.087
1418,1244,9,7,3,1,3,576.18,0.0,1728.54
1419,1801,17,15,9,17,5,310.38,0.05,1474.305
1420,607,9,18,2,6,4,55.16,0.05,209.60799999999998
1421,598,2,21,3,9,3,277.73,0.0,833.19
1422,1316,8,27,4,18,2,11.39,0.1,20.502000000000002
1423,1296,20,12,6,3,9,271.4,0.05,2320.47
1424,837,20,10,6,2,1,825.69,0.05,784.4055
1425,1497,9,6,5,1,9,660.74,0.0,5946.66
1426,1480,13,21,5,20,9,214.1,0.15,1637.8649999999998
1427,452,11,9,4,19,7,164.09,0.05,1091.1985
1428,1495,14,12,3,16,2,501.0,0.15,851.6999999999999
1429,379,6,7,10,16,3,651.09,0.0,1953.27
1430,636,6,29,3,13,10,195.97,0.05,1861.715
1431,148,14,8,8,13,2,727.06,0.05,1381.4139999999998
1432,1489,1,20,2,13,7,30.51,0.0,213.57000000000002
1433,1564,2,5,4,3,5,151.21,0.0,756.0500000000001
1434,1623,1,26,2,18,6,854.19,0.0,5125.14
1435,415,5,16,13,19,8,817.31,0.1,5884.632
1436,680,16,5,4,2,9,695.12,0.0,6256.08
1437,44,2,4,9,10,2,516.43,0.15,877.9309999999999
1438,291,1,30,4,1,4,432.86,0.05,1644.868
1439,724,10,8,15,13,2,496.9,0.0,993.8
1440,460,4,10,6,3,10,340.39,0.1,3063.5099999999998
1441,174,2,20,3,6,7,535.18,0.05,3558.9469999999997
1442,1392,14,5,15,10,10,819.39,0.1,7374.51
1443,1793,4,9,15,16,6,933.55,0.0,5601.299999999999
1444,1616,1,28,15,5,3,327.05,0.15,833.9775000000001
1445,915,16,27,2,4,10,433.18,0.1,3898.6200000000003
1446,297,3,11,3,6,7,359.08,0.15,2136.526
1447,869,16,23,7,20,6,146.84,0.05,836.9879999999999
1448,785,14,18,8,18,9,497.68,0.05,4255.164
1449,788,3,19,12,14,9,582.1,0.05,4976.955
1450,1440,3,8,6,1,4,993.97,0.0,3975.88
1451,743,18,16,3,4,1,912.25,0.1,821.025
1452,1739,5,10,8,5,9,972.1,0.15,7436.565
1453,497,7,27,4,2,3,126.06,0.05,359.271
1454,774,1,23,7,12,1,704.39,0.0,704.39
1455,977,20,28,3,1,3,371.59,0.0,1114.77
1456,502,3,1,10,14,3,767.76,0.15,1957.7879999999998
1457,1523,5,24,9,10,8,417.41,0.1,3005.3520000000003
1458,910,1,10,2,5,1,882.35,0.0,882.35
1459,1238,6,17,3,1,7,834.35,0.15,4964.3825
1460,1135,9,30,10,17,5,712.26,0.15,3027.105
1461,322,9,3,9,13,3,745.7,0.15,1901.5350000000003
1462,1268,2,8,7,6,9,609.03,0.0,5481.2699999999995
1463,1673,15,16,6,13,7,173.18,0.1,1091.034
1464,1325,14,7,5,4,2,87.03,0.1,156.654
1465,58,8,10,3,18,2,74.67,0.0,149.34
1466,1550,10,7,9,7,1,247.93,0.0,247.93
1467,1168,19,2,10,16,1,57.57,0.0,57.57
1468,633,1,12,13,10,7,505.21,0.1,3182.823
1469,1540,13,24,6,5,2,338.01,0.0,676.02
1470,1029,5,1,10,13,8,590.49,0.0,4723.92
1471,595,6,5,11,15,2,886.35,0.0,1772.7
1472,1472,8,29,4,5,3,993.48,0.1,2682.396
1473,917,5,11,5,12,10,857.39,0.15,7287.815
1474,82,13,8,4,20,10,84.25,0.05,800.375
1475,1162,16,4,13,1,3,768.65,0.1,2075.355
1476,1121,3,16,2,15,6,178.02,0.1,961.3080000000001
1477,331,3,9,10,12,6,98.34,0.05,560.5379999999999
1478,1456,15,9,8,9,8,653.79,0.05,4968.803999999999
1479,254,19,16,1,12,5,406.93,0.05,1932.9175
1480,903,12,17,14,20,6,379.95,0.15,1937.745
1481,1037,15,9,15,2,10,977.66,0.0,9776.6
1482,1518,8,23,14,18,1,163.02,0.0,163.02
1483,596,13,6,10,13,2,230.82,0.15,392.394
1484,1371,3,12,8,15,9,901.13,0.15,6893.6445
1485,224,3,6,12,4,7,770.53,0.05,5124.0244999999995
1486,823,11,3,6,11,10,491.43,0.15,4177.155
1487,235,9,15,1,18,3,949.05,0.05,2704.7924999999996
1488,1312,7,11,10,2,10,776.46,0.0,7764.6
1489,1656,12,26,7,16,4,63.54,0.0,254.16
1490,1554,14,9,5,6,2,150.32,0.1,270.576
1491,830,3,10,14,15,7,529.53,0.1,3336.039
1492,377,2,3,15,14,6,963.73,0.1,5204.142
1493,337,7,12,7,16,8,540.15,0.05,4105.139999999999
1494,1427,14,12,15,19,7,824.79,0.05,5484.853499999999
1495,160,19,20,3,11,6,24.04,0.15,122.604
1496,303,16,28,6,4,7,270.17,0.0,1891.19
1497,923,5,21,8,19,2,46.12,0.05,87.62799999999999
1498,861,18,25,3,20,7,223.98,0.05,1489.4669999999999
1499,392,19,1,6,12,1,308.93,0.1,278.03700000000003
1500,1029,4,23,8,15,7,416.28,0.1,2622.5640000000003
1501,1697,18,14,9,11,2,927.09,0.15,1576.053
1502,878,12,6,9,20,3,547.34,0.15,1395.7169999999999
1503,584,14,21,5,20,2,995.41,0.0,1990.82
1504,184,1,20,15,14,2,501.44,0.0,1002.88
1505,1298,15,17,10,2,5,853.19,0.05,4052.6525000000006
1506,457,15,18,7,4,4,857.78,0.0,3431.12
1507,719,15,14,15,13,1,940.22,0.05,893.209
1508,1040,10,9,15,9,5,840.1,0.15,3570.4249999999997
1509,1379,8,1,15,14,1,25.37,0.05,24.1015
1510,1619,12,27,14,17,10,324.3,0.05,3080.85
1511,1172,14,8,9,13,4,620.11,0.15,2108.374
1512,1697,2,26,15,19,7,137.58,0.15,818.601
1513,1492,6,13,15,11,9,166.86,0.05,1426.6530000000002
1514,204,5,17,2,19,7,844.6,0.1,5320.98
1515,1715,18,6,6,7,2,102.33,0.15,173.96099999999998
1516,24,19,5,1,20,9,921.39,0.0,8292.51
1517,1172,13,1,12,5,8,638.12,0.1,4594.464
1518,383,8,21,15,8,5,201.89,0.05,958.9774999999998
1519,1488,13,25,5,2,5,92.13,0.05,437.61749999999995
1520,1285,1,21,10,4,2,464.54,0.0,929.08
1521,220,5,10,5,6,2,86.61,0.1,155.898
1522,1717,7,13,2,16,1,419.61,0.15,356.6685
1523,1282,3,7,11,14,7,890.82,0.15,5300.379000000001
1524,1656,6,6,5,1,3,663.07,0.0,1989.21
1525,241,11,12,8,20,10,551.02,0.05,5234.69
1526,1069,9,30,2,7,10,39.26,0.0,392.59999999999997
1527,1061,17,25,3,7,6,123.64,0.05,704.748
1528,61,11,5,4,3,3,274.91,0.15,701.0205
1529,409,3,12,12,18,5,472.37,0.15,2007.5724999999998
1530,894,17,13,15,7,5,181.23,0.1,815.535
1531,805,4,19,13,19,5,174.0,0.05,826.5
1532,1479,16,14,15,15,7,600.37,0.1,3782.331
1533,1671,11,20,2,20,7,435.02,0.1,2740.6259999999997
1534,766,3,15,3,2,9,260.53,0.15,1993.0544999999995
1535,602,20,27,15,17,6,404.32,0.0,2425.92
1536,369,11,14,13,6,6,252.86,0.05,1441.302
1537,1346,12,12,3,11,2,19.54,0.0,39.08
1538,1469,11,7,8,19,6,899.76,0.0,5398.5599999999995
1539,790,10,20,4,17,4,111.89,0.1,402.80400000000003
1540,1467,20,29,13,3,10,893.74,0.15,7596.789999999999
1541,1398,14,11,14,11,4,205.15,0.15,697.51
1542,1022,2,9,7,4,2,458.26,0.1,824.868
1543,1211,13,8,10,1,5,27.66,0.0,138.3
1544,946,10,5,14,13,1,896.87,0.0,896.87
1545,691,1,3,8,4,7,726.02,0.1,4573.9259999999995
1546,650,12,13,2,18,6,498.88,0.0,2993.2799999999997
1547,806,10,23,8,16,2,844.64,0.0,1689.28
1548,60,8,2,14,1,3,114.08,0.1,308.016
1549,1765,14,8,3,3,4,726.87,0.1,2616.732
1550,1672,18,1,15,2,5,884.49,0.0,4422.45
1551,227,2,10,2,9,6,691.04,0.15,3524.3039999999996
1552,553,6,30,3,19,8,128.7,0.1,926.64
1553,1766,5,25,10,14,8,671.55,0.05,5103.78
1554,1184,16,22,8,9,6,774.92,0.15,3952.0919999999996
1555,463,3,9,13,10,2,359.48,0.05,683.0120000000001
1556,1351,7,23,2,3,8,69.66,0.0,557.28
1557,1374,7,15,14,13,4,492.77,0.1,1773.972
1558,428,19,25,9,17,6,762.88,0.1,4119.552
1559,1452,15,21,3,17,2,914.98,0.05,1738.462
1560,745,13,15,14,20,9,210.99,0.15,1614.0735
1561,385,3,9,7,6,5,951.98,0.0,4759.9
1562,302,15,29,2,4,4,26.42,0.15,89.828
1563,384,9,1,8,17,8,358.44,0.0,2867.52
1564,1128,3,12,7,7,3,402.96,0.15,1027.5479999999998
1565,1041,11,2,8,9,6,106.83,0.15,544.833
1566,1500,14,7,5,7,7,184.88,0.1,1164.744
1567,1085,20,16,9,14,2,684.35,0.05,1300.2649999999999
1568,228,8,4,1,2,10,273.52,0.0,2735.2
1569,1090,4,9,4,20,7,397.99,0.0,2785.9300000000003
1570,451,9,16,4,6,4,354.16,0.1,1274.976
1571,1446,20,10,12,1,2,193.23,0.15,328.491
1572,1514,10,28,15,8,3,321.96,0.0,965.8799999999999
1573,342,6,11,15,15,3,962.62,0.15,2454.681
1574,877,11,1,3,9,2,179.02,0.0,358.04
1575,1217,12,16,10,1,8,874.49,0.15,5946.532
1576,225,2,27,1,19,5,837.01,0.05,3975.7975
1577,1547,5,25,2,4,5,805.85,0.1,3626.3250000000003
1578,927,16,24,6,18,5,666.77,0.1,3000.465
1579,747,15,1,14,12,5,713.06,0.15,3030.5049999999997
1580,231,9,22,9,1,3,978.85,0.05,2789.7225
1581,1351,5,12,8,1,4,581.81,0.15,1978.1539999999998
1582,737,7,24,2,7,7,642.35,0.1,4046.805
1583,1797,18,29,15,15,9,183.2,0.1,1483.92
1584,1819,11,13,10,14,5,316.23,0.0,1581.15
1585,1187,17,23,6,20,2,439.13,0.15,746.521
1586,1161,12,10,2,1,8,927.96,0.05,7052.496
1587,956,5,17,5,20,9,667.68,0.1,5408.208
1588,998,10,3,13,10,1,459.32,0.05,436.354
1589,580,19,4,1,16,5,15.04,0.1,67.67999999999999
1590,1353,1,2,5,5,6,879.93,0.05,5015.601
1591,177,9,5,12,7,7,589.37,0.0,4125.59
1592,596,8,2,8,12,4,813.59,0.15,2766.206
1593,866,13,29,2,9,5,601.07,0.05,2855.0825000000004
1594,1155,14,22,15,11,10,147.78,0.05,1403.9099999999999
1595,513,5,14,9,7,5,311.95,0.1,1403.775
1596,1161,15,18,3,13,7,105.08,0.15,625.2259999999999
1597,1422,11,17,15,12,8,360.65,0.15,2452.4199999999996
1598,862,14,15,1,18,1,957.92,0.15,814.232
1599,182,5,20,15,10,4,584.52,0.1,2104.272
1600,261,20,18,15,19,5,63.0,0.15,267.75
1601,258,13,22,1,15,9,465.62,0.0,4190.58
1602,174,2,9,14,4,6,598.4,0.1,3231.3599999999997
1603,1159,16,23,6,2,2,743.07,0.0,1486.14
1604,1437,7,17,3,18,8,145.04,0.05,1102.3039999999999
1605,617,10,24,15,1,8,627.43,0.05,4768.468
1606,235,3,1,3,20,2,524.62,0.05,996.7779999999999
1607,419,4,16,1,17,8,396.81,0.0,3174.48
1608,615,13,16,3,8,9,267.67,0.15,2047.6755
1609,1760,20,4,7,5,1,192.96,0.05,183.312
1610,350,17,24,12,18,4,481.4,0.1,1733.04
1611,593,4,19,8,12,5,397.28,0.0,1986.3999999999999
1612,951,14,27,7,5,1,290.59,0.0,290.59
1613,1156,13,1,10,10,1,648.66,0.15,551.361
1614,88,12,5,8,15,5,19.03,0.05,90.3925
1615,733,17,28,14,17,4,355.35,0.15,1208.19
1616,1051,3,6,11,5,6,659.37,0.1,3560.5980000000004
1617,942,5,9,13,10,7,77.53,0.15,461.30350000000004
1618,772,16,20,11,6,10,711.42,0.1,6402.78
1619,266,11,19,10,12,10,621.3,0.15,5281.05
1620,139,2,1,14,6,4,105.58,0.0,422.32
1621,1023,16,11,13,8,4,114.38,0.05,434.64399999999995
1622,1492,13,25,7,3,1,615.78,0.0,615.78
1623,77,3,15,13,12,10,634.98,0.0,6349.8
1624,357,11,4,12,15,7,141.88,0.05,943.502
1625,401,9,16,8,10,4,209.18,0.05,794.884
1626,889,17,26,13,7,2,586.29,0.0,1172.58
1627,417,2,26,3,1,6,776.64,0.0,4659.84
1628,698,6,22,12,17,8,198.24,0.05,1506.624
1629,1169,16,17,6,12,10,900.76,0.05,8557.22
1630,1642,3,15,7,13,2,573.46,0.05,1089.574
1631,1603,17,10,2,4,8,238.27,0.1,1715.544
1632,47,8,27,5,9,7,706.24,0.0,4943.68
1633,1787,6,10,2,18,10,248.98,0.1,2240.8199999999997
1634,818,20,2,9,4,10,476.27,0.1,4286.43
1635,1338,1,2,6,14,5,208.51,0.0,1042.55
1636,286,7,18,14,11,1,243.26,0.0,243.26
1637,1650,19,29,10,2,6,981.25,0.15,5004.375
1638,1226,20,30,2,18,8,947.13,0.1,6819.336
1639,1482,2,4,1,16,9,232.99,0.1,1887.2189999999998
1640,884,16,10,13,8,1,931.93,0.0,931.93
1641,1585,7,18,10,13,1,556.97,0.0,556.97
1642,793,13,23,3,14,7,554.05,0.0,3878.3499999999995
1643,897,4,29,10,12,6,201.71,0.15,1028.721
1644,119,8,8,2,19,1,234.85,0.0,234.85
1645,1643,1,28,12,8,1,85.85,0.05,81.55749999999999
1646,899,6,10,1,11,6,606.39,0.05,3456.423
1647,599,5,20,7,16,2,660.02,0.0,1320.04
1648,513,18,7,8,12,4,449.11,0.1,1616.796
1649,752,18,10,14,8,9,894.05,0.1,7241.805
1650,1430,18,17,2,2,6,901.42,0.15,4597.241999999999
1651,573,3,7,15,5,9,238.23,0.05,2036.8664999999996
1652,252,12,24,14,5,1,978.13,0.15,831.4105
1653,1332,15,4,1,16,1,277.6,0.15,235.96
1654,616,3,2,5,20,7,500.4,0.15,2977.3799999999997
1655,788,15,2,4,7,7,192.58,0.15,1145.851
1656,1091,2,22,5,2,9,765.37,0.0,6888.33
1657,1247,11,30,14,9,10,224.38,0.0,2243.8
1658,699,20,14,14,14,1,809.32,0.15,687.922
1659,1478,10,28,9,15,7,576.88,0.1,3634.344
1660,333,13,15,12,8,3,908.64,0.1,2453.328
1661,1638,9,3,4,18,5,344.16,0.15,1462.68
1662,80,20,9,6,9,5,784.6,0.0,3923.0
1663,255,10,19,11,11,5,849.12,0.15,3608.76
1664,948,1,15,1,15,1,966.23,0.15,821.2955
1665,1307,18,7,7,2,10,939.45,0.1,8455.050000000001
1666,1250,18,11,2,15,3,265.43,0.1,716.661
1667,532,16,5,4,6,3,872.53,0.0,2617.59
1668,477,4,21,1,6,9,861.96,0.1,6981.876
1669,86,18,23,4,2,5,975.53,0.0,4877.65
1670,1390,12,18,12,2,10,242.35,0.0,2423.5
1671,159,17,15,2,17,2,244.61,0.1,440.29800000000006
1672,1169,12,27,14,14,2,645.47,0.1,1161.846
1673,294,1,11,10,12,6,975.35,0.1,5266.89
1674,964,10,20,1,6,6,54.16,0.05,308.712
1675,1211,1,4,10,7,6,515.69,0.1,2784.7260000000006
1676,441,13,27,10,2,3,387.28,0.0,1161.84
1677,159,8,19,9,19,9,736.61,0.0,6629.49
1678,1736,17,26,1,20,8,662.61,0.15,4505.748
1679,650,9,7,14,19,5,911.96,0.1,4103.820000000001
1680,498,12,8,8,11,2,696.14,0.15,1183.4379999999999
1681,1501,14,12,2,12,9,510.59,0.1,4135.7789999999995
1682,1339,16,20,4,15,7,237.47,0.05,1579.1754999999998
1683,1102,8,25,15,14,10,669.24,0.1,6023.16
1684,1630,10,11,6,4,2,414.42,0.05,787.398
1685,1180,16,21,15,7,3,877.64,0.0,2632.92
1686,342,4,14,5,18,8,745.43,0.05,5665.267999999999
1687,1781,2,27,7,1,3,990.03,0.05,2821.5855
1688,1055,17,30,7,14,6,136.18,0.05,776.226
1689,1459,10,4,6,11,10,612.67,0.0,6126.7
1690,1480,2,3,12,12,8,911.57,0.15,6198.676
1691,1517,14,10,13,16,3,736.11,0.0,2208.33
1692,312,1,19,10,12,8,385.58,0.15,2621.944
1693,362,17,24,10,9,2,239.94,0.15,407.89799999999997
1694,699,2,19,9,17,10,513.15,0.15,4361.775
1695,585,11,13,6,6,3,51.52,0.05,146.832
1696,882,17,9,10,20,6,108.47,0.1,585.7379999999999
1697,340,4,10,5,16,8,231.4,0.05,1758.6399999999999
1698,591,9,20,13,4,4,669.77,0.05,2545.1259999999997
1699,197,7,18,14,17,3,37.08,0.0,111.24
1700,1825,18,18,13,7,1,493.48,0.0,493.48
1701,757,7,10,10,14,8,525.68,0.15,3574.6239999999993
1702,605,4,23,12,4,8,889.99,0.15,6051.932
1703,539,3,28,3,9,2,968.76,0.0,1937.52
1704,1525,8,24,2,11,3,511.99,0.1,1382.373
1705,929,17,22,13,3,6,893.35,0.0,5360.1
1706,888,4,30,12,17,6,198.49,0.0,1190.94
1707,1300,1,8,3,19,7,873.39,0.05,5808.0435
1708,1380,7,9,8,5,8,815.73,0.15,5546.964
1709,579,5,7,11,3,9,858.59,0.05,7340.9445
1710,7,14,3,8,18,10,216.46,0.05,2056.37
1711,80,14,23,5,20,7,634.72,0.05,4220.888
1712,1307,12,16,9,6,5,842.28,0.1,3790.2599999999998
1713,1369,16,16,13,13,10,363.56,0.15,3090.2599999999998
1714,606,4,8,2,10,7,969.67,0.1,6108.920999999999
1715,507,14,4,3,15,6,664.01,0.1,3585.654
1716,1428,13,23,3,16,8,605.05,0.05,4598.379999999999
1717,60,10,9,9,7,7,70.2,0.1,442.26000000000005
1718,536,11,14,7,15,7,404.69,0.0,2832.83
1719,550,16,24,4,11,1,315.43,0.15,268.1155
1720,454,19,29,3,18,4,781.76,0.0,3127.04
1721,1257,20,11,3,20,9,29.72,0.0,267.48
1722,1644,13,3,13,11,6,769.17,0.0,4615.0199999999995
1723,1342,2,17,4,12,9,206.46,0.05,1765.233
1724,1717,18,13,14,8,5,803.27,0.1,3614.715
1725,679,14,7,9,8,1,45.71,0.0,45.71
1726,1547,17,4,9,13,8,51.86,0.1,373.392
1727,618,1,8,11,8,1,279.73,0.0,279.73
1728,1666,13,21,7,5,5,863.36,0.0,4316.8
1729,152,17,24,12,14,1,24.59,0.05,23.3605
1730,196,19,26,7,7,10,860.71,0.1,7746.39
1731,871,17,24,1,10,5,464.32,0.0,2321.6
1732,542,19,16,7,10,7,102.13,0.15,607.6735
1733,1149,9,16,5,18,9,252.17,0.0,2269.5299999999997
1734,1018,13,12,13,18,2,457.75,0.0,915.5
1735,814,8,15,6,16,10,117.86,0.1,1060.74
1736,681,5,26,11,3,2,565.28,0.05,1074.032
1737,1772,16,19,4,3,3,409.16,0.15,1043.358
1738,1072,19,25,4,2,8,259.5,0.1,1868.4
1739,1517,11,27,3,2,6,692.11,0.15,3529.761
1740,1785,1,9,12,7,9,796.75,0.15,6095.1375
1741,642,8,11,8,16,9,559.26,0.0,5033.34
1742,216,14,23,2,13,3,759.32,0.05,2164.062
1743,1065,4,6,4,15,2,48.67,0.15,82.739
1744,1015,6,21,13,17,8,148.47,0.15,1009.596
1745,818,1,10,2,14,5,722.74,0.1,3252.33
1746,1071,11,20,15,12,10,653.72,0.05,6210.34
1747,595,17,22,4,20,6,524.19,0.1,2830.626
1748,967,15,7,15,11,3,172.6,0.15,440.12999999999994
1749,21,11,14,3,5,8,76.38,0.0,611.04
1750,639,7,7,12,4,9,464.01,0.0,4176.09
1751,126,20,15,10,6,2,356.95,0.05,678.2049999999999
1752,707,1,30,4,9,5,822.55,0.15,3495.8375
1753,1197,10,12,10,13,5,565.5,0.05,2686.125
1754,159,19,5,2,7,5,186.54,0.0,932.6999999999999
1755,260,17,19,11,13,6,579.9,0.1,3131.4599999999996
1756,1654,20,22,15,16,4,176.42,0.05,670.396
1757,444,3,30,13,20,3,151.9,0.15,387.345
1758,1792,1,11,2,2,3,516.59,0.15,1317.3045
1759,872,16,11,5,17,2,248.37,0.15,422.229
1760,773,13,23,8,12,5,840.26,0.1,3781.17
1761,1087,3,29,10,7,3,946.04,0.1,2554.308
1762,1457,5,27,7,18,8,495.19,0.1,3565.368
1763,1404,4,18,15,14,6,186.23,0.1,1005.6419999999999
1764,1752,15,25,11,12,7,221.64,0.05,1473.906
1765,784,12,6,15,1,4,447.66,0.05,1701.108
1766,12,19,10,6,4,6,916.65,0.0,5499.9
1767,1243,9,2,11,9,8,404.31,0.1,2911.032
1768,562,2,19,14,1,8,997.26,0.15,6781.3679999999995
1769,1005,6,16,12,18,2,47.81,0.0,95.62
1770,1256,5,23,12,6,3,92.0,0.0,276.0
1771,115,15,21,12,2,6,106.5,0.1,575.1
1772,1747,7,21,10,1,6,838.9,0.1,4530.0599999999995
1773,1453,6,29,10,12,9,24.03,0.15,183.8295
1774,853,2,3,4,17,3,731.67,0.0,2195.0099999999998
1775,354,15,2,5,20,4,691.83,0.15,2352.222
1776,355,1,10,5,18,6,126.54,0.15,645.354
1777,1164,3,19,15,15,2,125.1,0.0,250.2
1778,374,3,6,6,19,1,769.06,0.0,769.06
1779,446,12,15,2,8,5,838.94,0.05,3984.9650000000006
1780,1531,5,10,1,13,5,186.22,0.05,884.545
1781,1158,11,14,4,7,5,884.73,0.05,4202.4675
1782,605,9,23,8,9,2,494.99,0.1,890.9820000000001
1783,715,17,15,14,6,1,950.17,0.15,807.6445
1784,319,18,19,4,14,6,649.55,0.1,3507.5699999999997
1785,425,11,23,9,18,5,99.85,0.05,474.28749999999997
1786,529,7,15,5,2,2,521.86,0.05,991.534
1787,974,5,15,10,11,6,568.13,0.0,3408.7799999999997
1788,661,4,21,6,1,3,427.19,0.1,1153.413
1789,690,4,6,15,12,5,171.12,0.05,812.8199999999999
1790,1541,1,15,13,20,8,597.64,0.15,4063.9519999999998
1791,1497,13,16,14,8,5,726.14,0.1,3267.63
1792,989,13,10,1,8,9,116.78,0.15,893.367
1793,1586,9,19,7,19,1,172.39,0.05,163.77049999999997
1794,616,20,23,9,7,10,754.33,0.05,7166.135
1795,1359,11,26,1,3,5,794.93,0.05,3775.9174999999996
1796,1642,12,15,7,6,8,10.83,0.05,82.30799999999999
1797,411,6,10,5,3,3,243.82,0.05,694.8870000000001
1798,895,3,24,4,5,9,847.21,0.1,6862.401000000001
1799,11,16,6,6,4,8,554.33,0.15,3769.444
1800,1432,7,30,8,13,8,709.16,0.0,5673.28
1801,794,5,11,13,5,7,775.53,0.1,4885.839
1802,1679,14,20,7,18,2,353.4,0.0,706.8
1803,455,20,6,13,8,6,368.66,0.0,2211.96
1804,1251,20,25,7,3,4,146.7,0.05,557.4599999999999
1805,91,7,10,7,3,6,390.23,0.05,2224.311
1806,872,5,10,5,13,8,44.48,0.15,302.464
1807,368,6,13,11,17,2,470.27,0.0,940.54
1808,710,4,21,14,13,1,169.27,0.05,160.8065
1809,1177,17,13,11,15,1,491.28,0.15,417.58799999999997
1810,866,2,10,7,9,2,607.6,0.15,1032.92
1811,1029,12,25,8,11,9,972.05,0.0,8748.449999999999
1812,1609,6,14,9,13,2,158.88,0.1,285.984
1813,1450,19,9,4,17,10,730.35,0.15,6207.974999999999
1814,891,2,15,5,2,2,869.22,0.15,1477.674
1815,752,2,29,10,12,5,431.45,0.1,1941.525
1816,1571,1,18,5,6,5,363.32,0.0,1816.6
1817,915,11,10,11,2,10,120.57,0.0,1205.6999999999998
1818,1089,13,8,3,3,9,103.63,0.05,886.0364999999999
1819,1297,16,14,15,9,6,972.13,0.05,5541.141
1820,1691,17,19,8,2,2,333.32,0.0,666.64
1821,301,20,24,11,4,7,517.51,0.0,3622.5699999999997
1822,692,10,14,7,1,3,950.86,0.1,2567.322
1823,1478,3,27,15,14,2,795.71,0.1,1432.278
1824,621,20,17,9,8,1,380.49,0.15,323.4165
1825,441,14,9,12,6,5,506.55,0.0,2532.75
1826,1239,13,30,3,10,5,15.0,0.05,71.25
1827,39,14,22,3,9,5,467.82,0.1,2105.19
1828,199,8,8,1,11,4,73.09,0.1,263.124
1829,1492,20,27,8,19,7,638.42,0.1,4022.046
1830,1109,13,16,15,18,1,349.52,0.1,314.568
1831,710,15,5,8,16,4,536.92,0.05,2040.2959999999998
1832,1379,13,9,7,2,10,968.05,0.15,8228.425
1833,1150,12,3,4,17,6,310.99,0.1,1679.346
1834,925,15,1,3,20,10,175.07,0.1,1575.6299999999999
1835,1157,14,14,13,1,5,560.88,0.15,2383.7400000000002
1836,481,13,30,9,5,7,611.05,0.0,4277.349999999999
1837,199,13,7,4,4,10,296.46,0.05,2816.37
1838,1571,13,18,7,12,4,424.0,0.1,1526.4
1839,655,12,21,2,11,9,540.27,0.15,4133.0655
1840,462,13,16,13,15,5,827.88,0.15,3518.49
1841,322,6,13,5,1,9,831.57,0.15,6361.5105
1842,1344,6,22,15,4,7,584.36,0.15,3476.942
1843,857,14,7,11,1,10,231.95,0.0,2319.5
1844,1228,19,24,7,1,6,613.71,0.05,3498.147
1845,1166,16,22,2,12,1,745.54,0.15,633.709
1846,1131,17,28,4,6,8,375.37,0.05,2852.812
1847,359,16,30,12,7,6,141.32,0.0,847.92
1848,64,7,19,8,15,4,686.83,0.15,2335.222
1849,496,6,15,9,4,10,839.5,0.05,7975.25
1850,502,15,24,2,1,1,685.2,0.15,582.4200000000001
1851,1776,17,16,14,13,2,785.21,0.1,1413.3780000000002
1852,1810,18,4,12,20,9,717.62,0.15,5489.793
1853,985,2,10,13,13,1,369.74,0.15,314.279
1854,878,4,4,3,9,10,756.04,0.0,7560.4
1855,1479,6,12,7,11,3,913.84,0.15,2330.292
1856,431,9,4,6,3,8,900.2,0.15,6121.360000000001
1857,1542,8,25,5,11,5,692.3,0.1,3115.35
1858,1613,15,23,5,19,5,598.48,0.05,2842.7799999999997
1859,304,17,10,1,8,6,567.9,0.1,3066.66
1860,629,6,19,11,10,8,715.95,0.1,5154.84
1861,317,5,5,10,10,7,264.73,0.05,1760.4545
1862,58,7,19,5,5,10,21.95,0.1,197.55
1863,1477,17,24,14,17,7,482.2,0.05,3206.63
1864,705,5,19,14,17,6,528.1,0.15,2693.3100000000004
1865,1773,16,21,3,17,8,183.63,0.15,1248.684
1866,30,3,11,4,10,4,232.07,0.1,835.452
1867,1247,4,21,4,12,8,464.73,0.0,3717.84
1868,1721,17,29,4,7,6,667.6,0.15,3404.76
1869,1283,4,11,9,3,5,557.75,0.0,2788.75
1870,1635,2,15,10,17,4,252.25,0.05,958.55
1871,1413,8,8,12,15,3,49.83,0.1,134.54100000000003
1872,1131,9,3,12,7,2,907.08,0.05,1723.452
1873,1071,10,2,4,8,4,589.82,0.15,2005.3880000000001
1874,951,4,18,15,2,6,792.12,0.0,4752.72
1875,403,16,4,8,3,8,205.42,0.05,1561.1919999999998
1876,1226,16,10,10,1,10,435.46,0.0,4354.599999999999
1877,1475,15,25,11,7,10,807.71,0.15,6865.535
1878,2,9,25,7,20,5,497.68,0.05,2363.98
1879,674,17,16,9,10,5,271.56,0.05,1289.9099999999999
1880,699,9,22,9,17,5,629.66,0.0,3148.2999999999997
1881,1550,6,16,1,11,9,475.8,0.05,4068.0899999999997
1882,367,3,25,7,10,2,926.04,0.15,1574.2679999999998
1883,702,18,27,3,7,2,765.22,0.05,1453.918
1884,630,17,10,6,17,8,111.89,0.1,805.6080000000001
1885,1249,7,19,11,5,6,164.82,0.15,840.582
1886,1610,6,28,3,20,3,332.42,0.15,847.6709999999999
1887,1339,20,26,7,9,4,933.52,0.15,3173.968
1888,1754,10,12,3,10,6,729.44,0.1,3938.9760000000006
1889,922,10,14,10,13,7,15.62,0.15,92.939
1890,114,14,12,11,5,8,769.38,0.0,6155.04
1891,1677,7,7,11,9,5,834.23,0.0,4171.15
1892,660,14,26,7,11,9,564.37,0.05,4825.3634999999995
1893,1634,7,20,9,15,5,115.77,0.05,549.9075
1894,329,11,24,8,19,8,952.52,0.0,7620.16
1895,1600,13,23,15,16,4,287.34,0.15,976.9559999999999
1896,122,4,2,11,11,5,542.52,0.15,2305.71
1897,583,4,16,3,3,6,977.41,0.15,4984.791
1898,1689,5,28,3,19,5,578.35,0.0,2891.75
1899,898,8,11,10,18,5,561.11,0.1,2524.9950000000003
1900,1413,1,5,13,3,6,957.63,0.1,5171.202
1901,1583,15,24,15,7,3,328.05,0.05,934.9425
1902,944,12,11,4,9,5,607.58,0.0,3037.9
1903,288,4,21,7,14,7,808.0,0.0,5656.0
1904,1704,17,2,15,17,6,26.04,0.15,132.804
1905,66,17,28,13,11,9,497.09,0.1,4026.4289999999996
1906,1300,3,24,2,19,2,974.49,0.0,1948.98
1907,1090,6,26,9,3,10,923.27,0.05,8771.065
1908,1540,3,25,11,14,5,471.06,0.05,2237.535
1909,1333,11,3,3,19,6,459.51,0.15,2343.5009999999997
1910,1822,1,13,10,10,1,627.45,0.15,533.3325
1911,39,1,8,6,14,3,266.26,0.05,758.8409999999999
1912,1197,11,18,8,7,10,926.1,0.05,8797.949999999999
1913,387,5,7,5,6,2,35.96,0.0,71.92
1914,1597,5,18,6,3,6,871.85,0.05,4969.545
1915,1348,7,7,5,6,7,991.09,0.05,6590.7485
1916,445,12,1,3,15,2,835.82,0.15,1420.894
1917,53,15,28,12,7,7,58.72,0.15,349.38399999999996
1918,818,7,7,13,13,10,816.35,0.0,8163.5
1919,359,17,30,10,17,2,171.25,0.05,325.375
1920,247,16,24,10,12,6,420.98,0.05,2399.586
1921,186,17,12,8,9,9,120.87,0.15,924.6555
1922,34,1,13,13,14,7,961.95,0.0,6733.650000000001
1923,727,12,10,14,3,7,946.48,0.1,5962.8240000000005
1924,470,3,21,11,13,8,25.69,0.1,184.96800000000002
1925,1495,11,2,3,8,3,568.93,0.05,1621.4505
1926,1063,5,5,12,16,1,70.57,0.05,67.04149999999998
1927,1775,10,12,10,14,3,425.05,0.05,1211.3925
1928,1063,5,24,13,6,6,880.29,0.0,5281.74
1929,1611,6,1,8,7,5,409.62,0.1,1843.29
1930,1724,9,20,6,1,1,338.27,0.15,287.5295
1931,71,5,30,7,2,9,383.27,0.05,3276.9584999999997
1932,324,4,1,6,8,2,425.68,0.0,851.36
1933,231,16,15,7,18,8,143.06,0.0,1144.48
1934,638,16,16,15,9,3,329.65,0.1,890.055
1935,1257,4,16,8,19,4,134.57,0.05,511.36599999999993
1936,1650,5,8,11,3,2,720.1,0.1,1296.18
1937,1817,20,4,4,8,5,192.78,0.1,867.51
1938,674,15,22,10,17,9,581.4,0.1,4709.339999999999
1939,1557,5,11,7,12,3,583.57,0.0,1750.71
1940,1532,13,21,1,7,3,24.18,0.0,72.53999999999999
1941,1711,8,6,7,11,1,576.37,0.15,489.9145
1942,1757,12,7,11,19,7,457.58,0.05,3042.9069999999997
1943,929,20,9,9,15,2,747.51,0.1,1345.518
1944,691,6,9,6,16,9,461.75,0.0,4155.75
1945,1369,11,25,9,9,2,784.13,0.15,1333.021
1946,1316,1,18,3,4,4,975.34,0.0,3901.36
1947,247,18,23,5,5,6,313.96,0.15,1601.1959999999997
1948,1134,3,28,9,6,7,821.83,0.05,5465.1695
1949,291,8,25,1,7,6,530.32,0.05,3022.824
1950,1153,17,17,1,18,6,544.06,0.05,3101.1419999999994
1951,767,6,4,11,6,10,233.99,0.05,2222.905
1952,1108,20,14,14,7,5,58.42,0.15,248.28500000000003
1953,608,13,29,9,14,8,473.32,0.05,3597.232
1954,1478,10,1,2,9,9,671.44,0.05,5740.812000000001
1955,1503,20,20,2,2,7,148.9,0.15,885.9549999999999
1956,1685,6,25,13,8,7,788.45,0.15,4691.2775
1957,801,19,7,4,12,2,234.04,0.1,421.272
1958,288,13,4,12,19,3,213.77,0.05,609.2445
1959,1377,9,25,6,1,2,525.41,0.0,1050.82
1960,1581,20,16,4,15,5,824.02,0.15,3502.085
1961,315,3,29,13,11,5,949.99,0.0,4749.95
1962,782,9,4,11,15,7,589.13,0.15,3505.3235
1963,1554,10,8,9,4,2,997.63,0.1,1795.734
1964,495,16,27,12,14,7,66.09,0.0,462.63
1965,1772,9,27,12,9,5,643.86,0.1,2897.3700000000003
1966,860,9,12,2,1,2,715.96,0.15,1217.132
1967,498,19,16,4,19,7,668.97,0.0,4682.79
1968,1600,16,18,10,19,7,610.56,0.15,3632.832
1969,87,20,4,10,4,10,103.96,0.05,987.6199999999999
1970,739,19,22,12,20,7,817.13,0.0,5719.91
1971,712,15,28,8,19,9,46.9,0.15,358.78499999999997
1972,1666,14,22,15,1,4,571.26,0.0,2285.04
1973,1292,11,4,5,14,1,731.77,0.1,658.593
1974,735,12,12,4,9,8,785.87,0.1,5658.264
1975,939,9,25,13,6,4,562.89,0.1,2026.404
1976,1517,13,25,6,6,8,858.08,0.1,6178.176
1977,721,20,18,12,8,6,830.4,0.0,4982.4
1978,1479,3,21,7,11,10,502.22,0.05,4771.09
1979,1550,13,7,5,16,6,343.63,0.15,1752.5129999999997
1980,741,6,6,6,1,2,197.89,0.1,356.202
1981,1037,18,10,13,18,9,186.13,0.0,1675.17
1982,407,3,3,12,20,7,853.69,0.05,5677.0385
1983,1467,11,18,6,13,3,922.05,0.0,2766.1499999999996
1984,1731,10,20,10,3,6,999.44,0.15,5097.144
1985,1692,2,8,9,5,5,36.1,0.05,171.475
1986,1707,8,8,15,8,8,651.42,0.05,4950.7919999999995
1987,298,1,10,4,1,10,488.44,0.15,4151.74
1988,849,18,18,10,7,7,194.2,0.15,1155.4899999999998
1989,1285,19,29,15,13,5,709.68,0.1,3193.56
1990,1646,9,14,6,12,4,326.95,0.1,1177.02
1991,158,5,11,14,8,9,583.17,0.0,5248.53
1992,1607,17,23,8,18,6,113.76,0.05,648.432
1993,1475,12,23,12,18,4,470.63,0.0,1882.52
1994,943,20,15,8,19,7,74.01,0.05,492.16650000000004
1995,46,18,15,9,2,6,481.86,0.05,2746.602
1996,131,12,3,12,9,10,259.49,0.0,2594.9
1997,1462,20,16,7,5,7,223.05,0.15,1327.1475
1998,635,18,23,11,10,6,240.24,0.15,1225.224
1999,296,18,22,10,11,1,971.18,0.0,971.18
2000,1459,12,19,2,3,10,72.99,0.15,620.415
